-- --------------------------------------------------------
-- Host:                         localhost
-- Server version:               5.7.19 - MySQL Community Server (GPL)
-- Server OS:                    Win64
-- HeidiSQL Version:             9.4.0.5125
-- --------------------------------------------------------

/*!40101 SET @OLD_CHARACTER_SET_CLIENT=@@CHARACTER_SET_CLIENT */;
/*!40101 SET NAMES utf8 */;
/*!50503 SET NAMES utf8mb4 */;
/*!40014 SET @OLD_FOREIGN_KEY_CHECKS=@@FOREIGN_KEY_CHECKS, FOREIGN_KEY_CHECKS=0 */;
/*!40101 SET @OLD_SQL_MODE=@@SQL_MODE, SQL_MODE='NO_AUTO_VALUE_ON_ZERO' */;

-- Dumping structure for table eapi.migrations
CREATE TABLE IF NOT EXISTS `migrations` (
  `id` int(10) unsigned NOT NULL AUTO_INCREMENT,
  `migration` varchar(255) COLLATE utf8mb4_unicode_ci NOT NULL,
  `batch` int(11) NOT NULL,
  PRIMARY KEY (`id`)
) ENGINE=InnoDB AUTO_INCREMENT=5 DEFAULT CHARSET=utf8mb4 COLLATE=utf8mb4_unicode_ci;

-- Dumping data for table eapi.migrations: ~4 rows (approximately)
/*!40000 ALTER TABLE `migrations` DISABLE KEYS */;
REPLACE INTO `migrations` (`id`, `migration`, `batch`) VALUES
	(1, '2014_10_12_000000_create_users_table', 1),
	(2, '2014_10_12_100000_create_password_resets_table', 1),
	(3, '2018_02_11_085628_create_products_table', 1),
	(4, '2018_02_11_085646_create_reviews_table', 1);
/*!40000 ALTER TABLE `migrations` ENABLE KEYS */;

-- Dumping structure for table eapi.password_resets
CREATE TABLE IF NOT EXISTS `password_resets` (
  `email` varchar(255) COLLATE utf8mb4_unicode_ci NOT NULL,
  `token` varchar(255) COLLATE utf8mb4_unicode_ci NOT NULL,
  `created_at` timestamp NULL DEFAULT NULL,
  KEY `password_resets_email_index` (`email`)
) ENGINE=InnoDB DEFAULT CHARSET=utf8mb4 COLLATE=utf8mb4_unicode_ci;

-- Dumping data for table eapi.password_resets: ~0 rows (approximately)
/*!40000 ALTER TABLE `password_resets` DISABLE KEYS */;
/*!40000 ALTER TABLE `password_resets` ENABLE KEYS */;

-- Dumping structure for table eapi.products
CREATE TABLE IF NOT EXISTS `products` (
  `id` int(10) unsigned NOT NULL AUTO_INCREMENT,
  `name` varchar(255) COLLATE utf8mb4_unicode_ci NOT NULL,
  `detail` text COLLATE utf8mb4_unicode_ci NOT NULL,
  `price` int(11) NOT NULL,
  `stock` int(11) NOT NULL,
  `discount` int(11) NOT NULL,
  `created_at` timestamp NULL DEFAULT NULL,
  `updated_at` timestamp NULL DEFAULT NULL,
  PRIMARY KEY (`id`)
) ENGINE=InnoDB AUTO_INCREMENT=101 DEFAULT CHARSET=utf8mb4 COLLATE=utf8mb4_unicode_ci;

-- Dumping data for table eapi.products: ~100 rows (approximately)
/*!40000 ALTER TABLE `products` DISABLE KEYS */;
REPLACE INTO `products` (`id`, `name`, `detail`, `price`, `stock`, `discount`, `created_at`, `updated_at`) VALUES
	(1, 'dolores', 'Quisquam consectetur maiores qui sunt. Dolores tempore reprehenderit delectus magnam exercitationem incidunt. Officiis omnis sit expedita nisi voluptas architecto occaecati.', 601, 7, 13, '2018-02-11 13:00:45', '2018-02-11 13:00:45'),
	(2, 'et', 'Tempore et quia fugit quos quia. Qui a nobis porro sit ea. Exercitationem minima fuga voluptatem incidunt. Necessitatibus accusamus minus culpa.', 631, 1, 14, '2018-02-11 13:00:45', '2018-02-11 13:00:45'),
	(3, 'et', 'Libero qui ab laudantium sed ullam minus officiis. Unde nihil mollitia perferendis. Aut sapiente eius consectetur occaecati. Ad inventore vel et praesentium eaque ut.', 675, 6, 15, '2018-02-11 13:00:45', '2018-02-11 13:00:45'),
	(4, 'qui', 'Voluptatibus quia illum totam esse. Soluta modi vel architecto doloribus excepturi qui. Voluptas possimus ea eum distinctio.', 293, 8, 3, '2018-02-11 13:00:45', '2018-02-11 13:00:45'),
	(5, 'velit', 'Et aut nostrum atque ut tenetur commodi. Neque ab repellendus dolore alias nihil harum. Voluptatem sit neque vel quis fuga cumque. Consequuntur ut sint blanditiis et sint officiis. Distinctio sed eum ex corrupti ullam repudiandae odio.', 939, 9, 25, '2018-02-11 13:00:45', '2018-02-11 13:00:45'),
	(6, 'a', 'Voluptatem nisi accusamus sed et quo esse. Repudiandae ut natus sunt magni et est. Dolor voluptatum temporibus omnis et.', 370, 9, 23, '2018-02-11 13:00:45', '2018-02-11 13:00:45'),
	(7, 'quasi', 'Nulla autem at eos quidem beatae dolor reprehenderit voluptatem. Fuga quidem odio aut amet. Harum magni mollitia explicabo vel. Dolorem pariatur consequatur reprehenderit qui officia consequuntur reiciendis.', 468, 2, 9, '2018-02-11 13:00:45', '2018-02-11 13:00:45'),
	(8, 'nihil', 'Quo et vero odit quasi hic. Sint exercitationem animi alias et occaecati. Et suscipit exercitationem quod.', 766, 6, 26, '2018-02-11 13:00:45', '2018-02-11 13:00:45'),
	(9, 'in', 'Quam sit recusandae qui. Nisi animi adipisci vel laboriosam. Quaerat eum magni et quaerat consequatur nostrum.', 759, 9, 11, '2018-02-11 13:00:45', '2018-02-11 13:00:45'),
	(10, 'quia', 'Beatae praesentium et libero nostrum rerum harum. Facere perspiciatis magnam quidem nulla eum. Est consequatur facilis optio. Quibusdam autem ratione rerum minus quis ea. Ut ipsam natus neque in doloremque est eaque.', 994, 9, 7, '2018-02-11 13:00:45', '2018-02-11 13:00:45'),
	(11, 'reiciendis', 'Optio tempore nam dicta dolorum. Nulla adipisci maiores est quasi eum et provident. Omnis pariatur sed harum vel. Eos culpa est quos minus.', 162, 9, 6, '2018-02-11 13:00:45', '2018-02-11 13:00:45'),
	(12, 'recusandae', 'Itaque sed reprehenderit accusamus molestiae error voluptas. Incidunt sed temporibus labore. Perspiciatis assumenda nisi et quas blanditiis et rerum cupiditate.', 750, 2, 15, '2018-02-11 13:00:46', '2018-02-11 13:00:46'),
	(13, 'reprehenderit', 'Et explicabo pariatur autem eius itaque maxime aliquam. Excepturi aut perferendis ut fugit autem.', 146, 4, 8, '2018-02-11 13:00:46', '2018-02-11 13:00:46'),
	(14, 'voluptas', 'Molestiae quia facilis eveniet. Molestiae ex in amet. Nam cum nostrum et consequatur iusto laboriosam quo modi.', 299, 8, 25, '2018-02-11 13:00:46', '2018-02-11 13:00:46'),
	(15, 'laboriosam', 'Labore rerum nemo et quos exercitationem qui animi est. Rerum laborum in qui laudantium eos dolor dolore. Voluptatem fugit nulla aut consectetur.', 996, 2, 22, '2018-02-11 13:00:46', '2018-02-11 13:00:46'),
	(16, 'error', 'Vitae debitis autem veniam ratione sit omnis et. Aspernatur et iure eaque aut.', 706, 0, 12, '2018-02-11 13:00:46', '2018-02-11 13:00:46'),
	(17, 'repudiandae', 'Quae error ad id ut. Provident assumenda qui labore maxime et.', 431, 5, 16, '2018-02-11 13:00:46', '2018-02-11 13:00:46'),
	(18, 'sint', 'Quas in veritatis numquam autem. Suscipit nihil suscipit accusantium. Laborum cupiditate architecto dolor dolore quidem minus. Explicabo omnis exercitationem quisquam.', 362, 8, 29, '2018-02-11 13:00:46', '2018-02-11 13:00:46'),
	(19, 'quisquam', 'Accusantium in consequatur ad. Et maiores est tempore amet commodi. Rerum ut veniam ducimus fugiat minima.', 479, 2, 21, '2018-02-11 13:00:46', '2018-02-11 13:00:46'),
	(20, 'dolorum', 'Aut voluptatem et ex praesentium porro porro amet. Sapiente atque sed quos mollitia voluptatem. Nesciunt qui eligendi iure ipsum. Aspernatur iure et dolorum nihil non necessitatibus.', 363, 2, 22, '2018-02-11 13:00:46', '2018-02-11 13:00:46'),
	(21, 'tempora', 'Sequi soluta voluptatibus eligendi. Vel debitis delectus eaque et. Ratione consequatur fugiat perferendis eaque. Atque fugit in distinctio qui vel illum totam id. Adipisci vitae non quis ut est dolorem et.', 966, 0, 9, '2018-02-11 13:00:46', '2018-02-11 13:00:46'),
	(22, 'error', 'Rerum libero cupiditate esse ratione voluptatem aut. Recusandae rerum ut tenetur maiores. Provident officia velit dolor dolores ut asperiores incidunt.', 334, 6, 28, '2018-02-11 13:00:46', '2018-02-11 13:00:46'),
	(23, 'occaecati', 'Perspiciatis quos similique nostrum dolor neque. Et occaecati optio quos fugiat rerum.', 331, 6, 17, '2018-02-11 13:00:46', '2018-02-11 13:00:46'),
	(24, 'iusto', 'Velit sapiente molestiae velit illum est. Aut iste vel quam odit. Qui dolor omnis commodi dolorem quam pariatur deleniti. Distinctio vero praesentium esse rem eum voluptatem et. Laborum quibusdam tempore architecto ab quae officia aperiam.', 857, 6, 3, '2018-02-11 13:00:46', '2018-02-11 13:00:46'),
	(25, 'aut', 'Sed eos aspernatur error officia aut qui. Similique sed alias quia iste ipsa repellendus. Et officiis sequi ratione omnis ut molestiae.', 438, 6, 3, '2018-02-11 13:00:46', '2018-02-11 13:00:46'),
	(26, 'aspernatur', 'Repellat quia architecto nisi porro. Eos eos et earum maxime et fuga commodi consequuntur. Aut tempore deserunt architecto laborum. Rerum facilis et voluptates rem rerum laboriosam sit iusto.', 226, 5, 21, '2018-02-11 13:00:46', '2018-02-11 13:00:46'),
	(27, 'ab', 'Quia enim asperiores accusamus. Minus natus ratione aliquid a ut itaque. Dolorem ut omnis consequuntur dignissimos.', 233, 4, 2, '2018-02-11 13:00:46', '2018-02-11 13:00:46'),
	(28, 'nostrum', 'Adipisci aperiam ullam voluptates occaecati quia et. Nostrum exercitationem omnis sed et architecto non odio. Corporis omnis consequatur consequatur eum quos nemo voluptas. Saepe praesentium doloribus quas quis veritatis quis id.', 274, 4, 20, '2018-02-11 13:00:46', '2018-02-11 13:00:46'),
	(29, 'ipsum', 'Cumque id omnis ea corrupti est vel. Ut perferendis enim fugiat blanditiis nesciunt modi nam. Optio quia ea nesciunt laudantium.', 788, 1, 11, '2018-02-11 13:00:46', '2018-02-11 13:00:46'),
	(30, 'voluptatibus', 'Et delectus autem est porro ullam. Eum incidunt expedita ut eos nihil. Est consequatur voluptate facere nostrum voluptatum.', 396, 6, 11, '2018-02-11 13:00:46', '2018-02-11 13:00:46'),
	(31, 'error', 'Ducimus excepturi in quas molestiae quod. Enim esse inventore perferendis nobis sed natus rerum. Dolores velit quidem veniam voluptatem nobis. Tempora voluptas nostrum voluptates.', 952, 7, 3, '2018-02-11 13:00:46', '2018-02-11 13:00:46'),
	(32, 'molestiae', 'Aliquam suscipit nemo dignissimos asperiores. Quibusdam assumenda aut eveniet ea quia sed qui minus. Inventore aut occaecati suscipit similique architecto perspiciatis. Maiores fugit harum esse aut voluptates dolor.', 159, 2, 26, '2018-02-11 13:00:46', '2018-02-11 13:00:46'),
	(33, 'esse', 'Saepe saepe dolores amet qui. Aperiam maxime amet pariatur consectetur. Quod quia maxime illum dolores natus.', 566, 4, 25, '2018-02-11 13:00:46', '2018-02-11 13:00:46'),
	(34, 'sed', 'Ut vel maxime labore. Velit voluptas qui provident sit aut provident culpa. Pariatur molestiae eos quae laborum. Excepturi praesentium necessitatibus id vero.', 837, 6, 5, '2018-02-11 13:00:46', '2018-02-11 13:00:46'),
	(35, 'eaque', 'Nisi sed necessitatibus inventore aut dolorum. Temporibus voluptatem dolorem necessitatibus nostrum ut rem. Tenetur consequatur laboriosam eum consequatur ea iure.', 980, 1, 8, '2018-02-11 13:00:46', '2018-02-11 13:00:46'),
	(36, 'iure', 'Sunt suscipit blanditiis commodi vero id. Inventore earum unde at debitis. Tenetur nostrum eveniet veritatis tempora. Voluptas incidunt eum officia voluptates repellat ipsum corrupti eum.', 803, 4, 21, '2018-02-11 13:00:46', '2018-02-11 13:00:46'),
	(37, 'rem', 'Asperiores repudiandae qui qui esse. A vel dolorum et cum. Nihil eum minima in earum. Est sint iure consequatur aut cupiditate ducimus non.', 299, 2, 13, '2018-02-11 13:00:46', '2018-02-11 13:00:46'),
	(38, 'autem', 'Qui aliquam non voluptatem eum quas eveniet laudantium. Quisquam quia temporibus possimus quidem voluptate quia expedita. Ex nihil non facere aut quia perferendis.', 253, 8, 15, '2018-02-11 13:00:46', '2018-02-11 13:00:46'),
	(39, 'non', 'Illo temporibus perferendis eligendi deleniti. Voluptate ratione totam rerum magni consequatur. Hic porro voluptatibus suscipit dicta eos sint. Soluta quasi ea ipsam commodi qui enim.', 943, 7, 27, '2018-02-11 13:00:46', '2018-02-11 13:00:46'),
	(40, 'cum', 'Aut qui ipsum veniam minus. Nesciunt qui beatae maiores itaque. Occaecati quia nisi aut nisi rerum.', 290, 0, 30, '2018-02-11 13:00:46', '2018-02-11 13:00:46'),
	(41, 'placeat', 'Sequi aspernatur facilis et dolores. Illo dicta repellendus est nostrum eum.', 354, 2, 4, '2018-02-11 13:00:47', '2018-02-11 13:00:47'),
	(42, 'odit', 'Odit occaecati non enim voluptatem rem. Inventore quis assumenda fuga inventore quae. Aut aspernatur ducimus cupiditate odit saepe mollitia. Omnis minus veniam officiis laborum velit.', 852, 2, 15, '2018-02-11 13:00:47', '2018-02-11 13:00:47'),
	(43, 'optio', 'Blanditiis rerum animi tenetur maiores natus. Maiores aut voluptatibus ut sed totam aut. Voluptatem sint nesciunt dolorem amet maiores hic dicta nisi. Occaecati necessitatibus ut aut cum.', 899, 2, 14, '2018-02-11 13:00:47', '2018-02-11 13:00:47'),
	(44, 'dolores', 'Iste delectus nesciunt reiciendis eius magni. Eos alias consequatur et sed officiis sed cumque. Fugit iure totam commodi.', 492, 4, 20, '2018-02-11 13:00:47', '2018-02-11 13:00:47'),
	(45, 'earum', 'Consequatur consequatur ex eum et est corporis. Nobis ducimus nesciunt amet eum.', 392, 7, 21, '2018-02-11 13:00:47', '2018-02-11 13:00:47'),
	(46, 'itaque', 'Soluta qui porro et consequuntur assumenda itaque a. Odio libero aut ea natus. Perferendis qui occaecati voluptas optio et exercitationem quis.', 929, 6, 12, '2018-02-11 13:00:47', '2018-02-11 13:00:47'),
	(47, 'illo', 'Illum autem sit deleniti deserunt excepturi quam. Illo ex eveniet repellat possimus error. Nobis suscipit aut provident reprehenderit numquam nulla error similique.', 789, 0, 16, '2018-02-11 13:00:47', '2018-02-11 13:00:47'),
	(48, 'assumenda', 'Vel dolorum excepturi tempore est quod voluptas magnam illum. Et et eum et molestiae delectus. Quis quos minus rerum fugiat quae consectetur.', 934, 5, 14, '2018-02-11 13:00:47', '2018-02-11 13:00:47'),
	(49, 'esse', 'Tempore quia sed ea nihil in et. Temporibus sit alias cum consectetur et sed. Non velit vitae nobis qui est doloribus.', 564, 3, 9, '2018-02-11 13:00:47', '2018-02-11 13:00:47'),
	(50, 'dicta', 'Velit non nesciunt sint aliquam. Quam beatae officiis est dicta. Numquam rerum fugit consequatur incidunt nihil at.', 971, 8, 7, '2018-02-11 13:00:47', '2018-02-11 13:00:47'),
	(51, 'ut', 'Assumenda sunt officia quas odit quas amet. Ut minima veniam dolores nobis quae qui. Eaque aut eveniet sit. Omnis at ullam accusantium rerum odio quae nam magnam.', 964, 7, 28, '2018-02-11 13:01:26', '2018-02-11 13:01:26'),
	(52, 'ut', 'Officiis asperiores quos excepturi temporibus ut praesentium. Ducimus magnam quia ipsa facilis dolorum. Aut voluptas eius voluptatibus aut provident et.', 141, 8, 14, '2018-02-11 13:01:26', '2018-02-11 13:01:26'),
	(53, 'sint', 'Numquam quia quisquam quos natus in mollitia. Impedit porro aut eos repudiandae. Odit voluptatem laboriosam odio ex beatae et corrupti maiores.', 308, 1, 4, '2018-02-11 13:01:26', '2018-02-11 13:01:26'),
	(54, 'exercitationem', 'Qui tenetur nostrum eaque. Ipsa officia consequatur cum voluptas eveniet. Qui ut corporis ipsam et ut.', 412, 7, 22, '2018-02-11 13:01:26', '2018-02-11 13:01:26'),
	(55, 'voluptas', 'Suscipit blanditiis dolores omnis enim officia minima consequatur. Et sunt exercitationem eveniet adipisci possimus. Facere aut dolore qui et. Omnis omnis blanditiis in est dolore.', 213, 4, 13, '2018-02-11 13:01:26', '2018-02-11 13:01:26'),
	(56, 'blanditiis', 'Qui temporibus consequatur quidem eos qui earum vero dolores. Quia et facere quaerat ratione. Voluptas consequatur iure magnam animi mollitia minima. Id cum aut molestiae consequatur modi aut dolore.', 333, 7, 21, '2018-02-11 13:01:26', '2018-02-11 13:01:26'),
	(57, 'fuga', 'Aliquid quam eius aliquam nisi. Temporibus eos sequi porro ipsam ut.', 871, 1, 9, '2018-02-11 13:01:26', '2018-02-11 13:01:26'),
	(58, 'illo', 'Et in amet vel quisquam hic consectetur amet laudantium. Quae eligendi odio repudiandae voluptatem dicta. Aperiam sit assumenda vero qui sint eos.', 287, 0, 23, '2018-02-11 13:01:26', '2018-02-11 13:01:26'),
	(59, 'qui', 'Corrupti facilis odit in eum aut necessitatibus quaerat exercitationem. Voluptates commodi qui et praesentium ea. Iusto corporis vitae reiciendis voluptatem.', 465, 7, 5, '2018-02-11 13:01:27', '2018-02-11 13:01:27'),
	(60, 'dolorem', 'Libero recusandae consectetur ut rerum tempora omnis quo. Aut nemo laborum aliquam quasi accusamus quos est. Magnam possimus temporibus at quidem.', 580, 5, 24, '2018-02-11 13:01:27', '2018-02-11 13:01:27'),
	(61, 'quas', 'Quo dolore aut nesciunt necessitatibus laudantium architecto ipsum. Ut voluptas sed rerum perferendis et. Maiores quam ut recusandae et voluptas. Sit dolor eius voluptas doloribus provident quis tempora.', 646, 6, 7, '2018-02-11 13:01:27', '2018-02-11 13:01:27'),
	(62, 'mollitia', 'Ad eos dolor blanditiis rerum. Sed praesentium consequatur voluptas earum nostrum sit eveniet. Velit quia consectetur corrupti temporibus placeat perspiciatis.', 587, 3, 15, '2018-02-11 13:01:27', '2018-02-11 13:01:27'),
	(63, 'dolorem', 'Cupiditate sequi quia sed a. Facere officia et aliquam. Aspernatur est error nulla. Aut numquam exercitationem cum est.', 312, 4, 18, '2018-02-11 13:01:27', '2018-02-11 13:01:27'),
	(64, 'soluta', 'Eum voluptatum iste tempora perferendis veritatis cupiditate voluptatibus ut. Ab et quos numquam. Qui sunt perspiciatis iste alias natus. Temporibus qui beatae qui voluptatem occaecati dignissimos nobis.', 784, 8, 12, '2018-02-11 13:01:27', '2018-02-11 13:01:27'),
	(65, 'quos', 'Architecto voluptatem praesentium dolorem ut quam laborum. Aspernatur et officia quidem commodi et voluptate rem tempora.', 583, 3, 3, '2018-02-11 13:01:27', '2018-02-11 13:01:27'),
	(66, 'eligendi', 'Quia cumque consequatur in. Voluptas molestias adipisci fugiat. Sint ut et autem neque ut fuga deleniti.', 489, 0, 3, '2018-02-11 13:01:27', '2018-02-11 13:01:27'),
	(67, 'et', 'Ipsam aspernatur ipsam maxime officia amet alias laudantium. Occaecati distinctio sit repellendus. Ut id consequatur incidunt natus placeat deleniti totam. Magnam eligendi praesentium in voluptatem aut sunt placeat.', 873, 0, 2, '2018-02-11 13:01:27', '2018-02-11 13:01:27'),
	(68, 'officia', 'Doloribus et et eaque praesentium. Nemo alias reiciendis sint. Fugiat suscipit est tempore consequatur maxime doloremque.', 795, 3, 5, '2018-02-11 13:01:27', '2018-02-11 13:01:27'),
	(69, 'illum', 'Officia ullam ex enim earum velit repellat. Neque qui odit ipsa quis facere odit.', 590, 2, 26, '2018-02-11 13:01:27', '2018-02-11 13:01:27'),
	(70, 'magnam', 'Necessitatibus veritatis aut fugiat dolore voluptatum minus harum. Ut velit debitis vitae excepturi asperiores. Autem et esse illo sunt.', 314, 4, 28, '2018-02-11 13:01:27', '2018-02-11 13:01:27'),
	(71, 'laudantium', 'Qui vero enim quidem dolore omnis omnis exercitationem fuga. Facilis atque consequuntur consequatur cum ut sint aliquid. Praesentium incidunt sed odit dolor sequi libero officiis consequatur.', 780, 9, 7, '2018-02-11 13:01:27', '2018-02-11 13:01:27'),
	(72, 'unde', 'Modi itaque ut et accusamus est. Eaque quisquam non aut quibusdam dolorem tempora dolor ex. Autem in eos cupiditate dolorem in numquam repudiandae.', 788, 4, 9, '2018-02-11 13:01:27', '2018-02-11 13:01:27'),
	(73, 'voluptatum', 'Inventore rerum similique minima sit. Eaque totam et ducimus ipsa inventore earum aperiam. Qui repellat aut quae dolorem nobis. Magnam saepe dolorem consectetur dolore est occaecati.', 334, 8, 27, '2018-02-11 13:01:27', '2018-02-11 13:01:27'),
	(74, 'sed', 'Fugiat animi tempora recusandae. Eveniet non corrupti consequatur sit dolor aut. Voluptas quas explicabo quis nulla illum ea. Laborum ab delectus quisquam iste aut aliquid aut.', 898, 0, 17, '2018-02-11 13:01:27', '2018-02-11 13:01:27'),
	(75, 'ea', 'At aspernatur excepturi fugiat consequatur iste cum voluptatem. Molestiae ad inventore ex molestiae non facilis nam unde. Earum aliquam ipsa voluptatum amet sit consequuntur ea et.', 519, 8, 2, '2018-02-11 13:01:27', '2018-02-11 13:01:27'),
	(76, 'quibusdam', 'Aspernatur et cumque maiores a hic earum eveniet temporibus. Consequatur dolorem et enim id placeat. Ab laborum pariatur autem voluptatum velit consequatur.', 762, 8, 21, '2018-02-11 13:01:27', '2018-02-11 13:01:27'),
	(77, 'iste', 'Accusantium ut id illum tempore sunt autem fugit. Cumque sequi aliquam qui illum. Recusandae optio saepe quae dolores. Doloribus omnis sapiente dolorum dolorem dolores cum.', 673, 3, 23, '2018-02-11 13:01:27', '2018-02-11 13:01:27'),
	(78, 'iusto', 'Est velit sequi molestias odit. Ipsam et et quod recusandae nemo et voluptatem nemo. Impedit accusamus rerum laudantium ipsam.', 114, 2, 11, '2018-02-11 13:01:27', '2018-02-11 13:01:27'),
	(79, 'et', 'Ex laboriosam quod est. Debitis error optio soluta rem et. Aut est iusto sapiente.', 198, 7, 21, '2018-02-11 13:01:27', '2018-02-11 13:01:27'),
	(80, 'tenetur', 'Laudantium at voluptas quos fugit rerum. Ullam deleniti provident debitis veritatis maiores ducimus. Eos earum voluptatem recusandae ab dolorum excepturi qui provident. Nulla modi dignissimos ex laborum et ipsa neque non.', 935, 2, 19, '2018-02-11 13:01:27', '2018-02-11 13:01:27'),
	(81, 'nihil', 'Qui perspiciatis id et ut eveniet. Possimus quibusdam et accusantium velit voluptas optio et.', 654, 9, 21, '2018-02-11 13:01:27', '2018-02-11 13:01:27'),
	(82, 'hic', 'Exercitationem magnam facilis qui ut. Eum et eius et tempora facere est provident. Accusantium inventore quia et id eos placeat.', 731, 8, 14, '2018-02-11 13:01:27', '2018-02-11 13:01:27'),
	(83, 'sapiente', 'Eum ex voluptatem qui omnis dolorem id ipsa alias. Eligendi distinctio error aliquid eum excepturi voluptates quibusdam repellendus. Molestias sed vitae expedita eos inventore odit. Occaecati pariatur dolorem at cumque hic autem eum et.', 894, 8, 14, '2018-02-11 13:01:27', '2018-02-11 13:01:27'),
	(84, 'deleniti', 'Hic porro et illum repellendus ullam aut optio. Earum dolor eius ad et impedit distinctio mollitia sint.', 836, 3, 4, '2018-02-11 13:01:27', '2018-02-11 13:01:27'),
	(85, 'molestiae', 'Consectetur corrupti aut vero odit qui. A iusto maxime fugit iste vel. Quo nostrum fugit odio. Sit recusandae dolorum placeat ad placeat.', 972, 0, 10, '2018-02-11 13:01:27', '2018-02-11 13:01:27'),
	(86, 'hic', 'Neque qui et voluptatem tempora cumque veritatis. Praesentium vitae ipsam exercitationem facilis delectus. Perferendis quis aut perferendis soluta adipisci.', 114, 1, 3, '2018-02-11 13:01:27', '2018-02-11 13:01:27'),
	(87, 'et', 'Rerum sed voluptatem qui ut hic deleniti. Ipsum itaque harum quaerat dolorem nihil sit. Maiores quae iure qui repudiandae est culpa voluptates.', 694, 3, 13, '2018-02-11 13:01:28', '2018-02-11 13:01:28'),
	(88, 'et', 'Quis in voluptas nobis recusandae. Repellat quas fugiat ad vero id incidunt. Aut eius ea tempore cumque nulla et voluptates.', 638, 8, 24, '2018-02-11 13:01:28', '2018-02-11 13:01:28'),
	(89, 'animi', 'Et qui vitae qui deleniti. Sapiente dignissimos aliquid dolores et ab. Id impedit est sint tenetur et est distinctio maiores. Sed est consequuntur dolore velit voluptatem.', 876, 8, 27, '2018-02-11 13:01:28', '2018-02-11 13:01:28'),
	(90, 'ratione', 'Illum voluptatem sequi eos omnis. Modi voluptates quis et commodi dolorem. Cupiditate maxime quia dolorum et.', 744, 9, 10, '2018-02-11 13:01:28', '2018-02-11 13:01:28'),
	(91, 'quisquam', 'Et mollitia distinctio magni eum. Porro suscipit minima corporis.', 771, 3, 2, '2018-02-11 13:01:28', '2018-02-11 13:01:28'),
	(92, 'accusamus', 'Iusto qui sit quia vel. Quam possimus deserunt corporis ex quibusdam. Quae alias doloribus in non illum repellendus minima corporis. Doloremque inventore sit rerum corporis magni sint.', 137, 9, 14, '2018-02-11 13:01:28', '2018-02-11 13:01:28'),
	(93, 'eligendi', 'Quisquam quod sunt natus distinctio quas non. Deserunt sit consequatur nesciunt et maxime. Consequuntur dolores vero aut ut a ea officia. Nisi sunt repellat rerum accusantium quas sunt magni.', 497, 1, 30, '2018-02-11 13:01:28', '2018-02-11 13:01:28'),
	(94, 'sapiente', 'Et dolor et id quia consectetur qui suscipit asperiores. Ratione pariatur nesciunt dignissimos et eveniet.', 229, 3, 15, '2018-02-11 13:01:28', '2018-02-11 13:01:28'),
	(95, 'ea', 'Debitis veniam totam sunt quia. Ea aspernatur libero dolorum corrupti omnis rem iste. Quaerat fuga recusandae qui labore deserunt aut. Accusamus quo nesciunt dignissimos et fugiat laboriosam quasi est.', 799, 8, 29, '2018-02-11 13:01:28', '2018-02-11 13:01:28'),
	(96, 'facilis', 'Doloribus consectetur et dignissimos iusto. Eos pariatur ut quidem dolorem a et.', 221, 0, 16, '2018-02-11 13:01:28', '2018-02-11 13:01:28'),
	(97, 'omnis', 'Est facere esse est commodi qui pariatur. Non facilis aut aperiam et assumenda.', 360, 9, 23, '2018-02-11 13:01:28', '2018-02-11 13:01:28'),
	(98, 'qui', 'Quaerat rerum sequi voluptatum consequuntur recusandae sequi. Iusto dolorem velit voluptatem perferendis et sed. Commodi quibusdam ipsam pariatur sint.', 867, 8, 3, '2018-02-11 13:01:28', '2018-02-11 13:01:28'),
	(99, 'possimus', 'Velit dolorum quae odio quia dolor consectetur quidem temporibus. Dolores provident ex minus ut quod quia nemo. Qui voluptas molestias ratione voluptatibus aut. Sequi quisquam eum quia optio. Cupiditate quis impedit eos unde vitae.', 766, 3, 20, '2018-02-11 13:01:28', '2018-02-11 13:01:28'),
	(100, 'praesentium', 'Rerum iste quos pariatur at sit sit. Corrupti nihil nulla qui quia labore ratione. Officia quae atque amet voluptatem et alias dolores.', 162, 8, 29, '2018-02-11 13:01:28', '2018-02-11 13:01:28');
/*!40000 ALTER TABLE `products` ENABLE KEYS */;

-- Dumping structure for table eapi.reviews
CREATE TABLE IF NOT EXISTS `reviews` (
  `id` int(10) unsigned NOT NULL AUTO_INCREMENT,
  `product_id` int(10) unsigned NOT NULL,
  `customer` varchar(255) COLLATE utf8mb4_unicode_ci NOT NULL,
  `review` text COLLATE utf8mb4_unicode_ci NOT NULL,
  `star` int(11) NOT NULL,
  `created_at` timestamp NULL DEFAULT NULL,
  `updated_at` timestamp NULL DEFAULT NULL,
  PRIMARY KEY (`id`),
  KEY `reviews_product_id_index` (`product_id`),
  CONSTRAINT `reviews_product_id_foreign` FOREIGN KEY (`product_id`) REFERENCES `products` (`id`) ON DELETE CASCADE
) ENGINE=InnoDB AUTO_INCREMENT=301 DEFAULT CHARSET=utf8mb4 COLLATE=utf8mb4_unicode_ci;

-- Dumping data for table eapi.reviews: ~300 rows (approximately)
/*!40000 ALTER TABLE `reviews` DISABLE KEYS */;
REPLACE INTO `reviews` (`id`, `product_id`, `customer`, `review`, `star`, `created_at`, `updated_at`) VALUES
	(1, 97, 'Doris Hills', 'Consectetur est sit praesentium illum ipsa non. Dolor vel odit aut dolore nostrum. Pariatur aut sit ut sit. Eos natus reprehenderit mollitia ipsam expedita accusantium. Corrupti est consequuntur quia atque vero dolor.', 2, '2018-02-11 13:01:30', '2018-02-11 13:01:30'),
	(2, 47, 'Kristian Lebsack', 'Et laborum aliquid hic voluptatibus. Est adipisci iusto et dolorem eos qui odio. Voluptate dolorem in amet incidunt eius architecto magni sint.', 2, '2018-02-11 13:01:30', '2018-02-11 13:01:30'),
	(3, 15, 'Phoebe Wisozk', 'Officiis quo asperiores magni dolor architecto doloremque eveniet. Omnis soluta neque ipsa praesentium reprehenderit. Est quo nemo harum aut adipisci eaque ut porro. Ab velit autem odio eum voluptas.', 2, '2018-02-11 13:01:30', '2018-02-11 13:01:30'),
	(4, 89, 'Eric Kutch', 'Maxime suscipit commodi natus sint dolore accusantium sint. Molestiae sunt quibusdam harum. Officiis asperiores eos magnam molestiae nesciunt quas.', 0, '2018-02-11 13:01:30', '2018-02-11 13:01:30'),
	(5, 43, 'Heather Breitenberg', 'Rerum illo consequatur tempore minus officia necessitatibus. Blanditiis dolorem quidem in adipisci illum. Est dolores tempore distinctio sit repudiandae vitae.', 2, '2018-02-11 13:01:30', '2018-02-11 13:01:30'),
	(6, 51, 'Shyann Hilpert', 'Laudantium aut quae at reprehenderit necessitatibus sapiente sapiente. Libero velit vel quisquam nostrum adipisci explicabo qui. Qui dolor voluptatum maxime cupiditate officia id.', 4, '2018-02-11 13:01:30', '2018-02-11 13:01:30'),
	(7, 55, 'Riley Kunze', 'Sit est exercitationem corrupti temporibus ipsam et. Nihil et quia repudiandae nihil blanditiis accusamus iusto. Velit sed ea inventore alias est eius.', 5, '2018-02-11 13:01:30', '2018-02-11 13:01:30'),
	(8, 87, 'Rhianna Rodriguez Sr.', 'Illum numquam quisquam quibusdam culpa distinctio earum. Et veritatis omnis quo blanditiis eveniet omnis. Cupiditate est fuga nisi aut explicabo est. Sequi nobis illo saepe perferendis rerum.', 5, '2018-02-11 13:01:30', '2018-02-11 13:01:30'),
	(9, 27, 'Santos Ebert', 'Voluptatum dolor nisi dicta qui et ratione et. Repellendus rerum esse nulla velit iure. Dicta rerum est officiis nemo quasi et ducimus natus.', 2, '2018-02-11 13:01:31', '2018-02-11 13:01:31'),
	(10, 52, 'Cary Goldner', 'Accusantium consequatur ut et asperiores natus recusandae occaecati. Debitis perferendis ut error quam nihil voluptas expedita et. Ex eaque eius commodi minus. Dolores facilis ipsa veritatis necessitatibus eum illo voluptatibus.', 0, '2018-02-11 13:01:31', '2018-02-11 13:01:31'),
	(11, 41, 'Miss Madaline Ritchie', 'Minus molestiae facere perspiciatis sint quidem. Non expedita et qui facere aut eaque. Consequatur accusamus quo suscipit ut commodi dolores rerum. Officiis assumenda rerum tempore perferendis facere nisi magnam perferendis.', 3, '2018-02-11 13:01:31', '2018-02-11 13:01:31'),
	(12, 80, 'Mr. Camren Veum', 'Accusantium sequi aut rerum blanditiis beatae vitae. Velit laborum minima ut. Nemo tempore sed omnis nihil sit quia temporibus. Velit quo inventore sint et hic a maxime.', 5, '2018-02-11 13:01:31', '2018-02-11 13:01:31'),
	(13, 66, 'Tremayne Marvin', 'Vel delectus at eos nam omnis consequatur. In adipisci ex ab ipsum quo. Tempore necessitatibus voluptas sit amet et. Nulla sunt vitae soluta. Maiores alias sed eaque et.', 3, '2018-02-11 13:01:31', '2018-02-11 13:01:31'),
	(14, 60, 'Jevon Mohr DDS', 'Quod dolores beatae a unde natus ipsa. Ut quisquam veritatis eius. Vitae non ad culpa dolorem quia rerum impedit rem.', 3, '2018-02-11 13:01:31', '2018-02-11 13:01:31'),
	(15, 50, 'Adonis Buckridge', 'Id et saepe voluptas est est quam ut. Autem dignissimos eveniet iure alias. Blanditiis et dolores voluptatem ullam harum. Dicta itaque dicta tempora aut.', 1, '2018-02-11 13:01:31', '2018-02-11 13:01:31'),
	(16, 79, 'Mrs. Una Goodwin', 'Fugiat mollitia nobis in nemo temporibus quos. Tempore quia explicabo optio soluta consequatur impedit optio dicta. Eveniet rerum magni consequatur voluptates. Quis eveniet doloribus necessitatibus. Delectus labore odit est fuga et enim.', 5, '2018-02-11 13:01:31', '2018-02-11 13:01:31'),
	(17, 37, 'Dr. Newell Mosciski', 'Veniam nobis et ducimus at. Culpa expedita qui nesciunt et dolorem delectus. In corrupti ipsa nam. Qui mollitia rem voluptatem voluptatum eum excepturi labore.', 5, '2018-02-11 13:01:31', '2018-02-11 13:01:31'),
	(18, 47, 'Kenyon Buckridge', 'Earum aut velit in et qui officia. Qui soluta tempora inventore adipisci quisquam velit. Totam dolor nihil illum ea dicta.', 0, '2018-02-11 13:01:31', '2018-02-11 13:01:31'),
	(19, 46, 'Perry Wisozk', 'Autem vel adipisci nihil quidem. Voluptatum ut nihil ad recusandae tenetur. Voluptas tempore similique doloribus rem. Est rerum tempore exercitationem eos laudantium quae illum.', 3, '2018-02-11 13:01:31', '2018-02-11 13:01:31'),
	(20, 17, 'Aidan Shields', 'Aut ab voluptas voluptatibus repudiandae aut blanditiis consequatur. Et nihil reiciendis et molestiae. Repellat consequatur quia inventore inventore nostrum in. Quasi et illum magnam atque suscipit dolore beatae.', 3, '2018-02-11 13:01:31', '2018-02-11 13:01:31'),
	(21, 58, 'Nikita Yost', 'Ducimus aperiam error quas veritatis rerum eum totam omnis. Dolorem tempore soluta quaerat cumque occaecati et. Reprehenderit culpa rerum rerum quia quas.', 2, '2018-02-11 13:01:31', '2018-02-11 13:01:31'),
	(22, 39, 'Vilma Quigley', 'Et neque possimus consequatur quia autem excepturi. Ratione nemo quaerat veritatis deleniti aut perspiciatis. Quaerat aspernatur eos et perferendis maxime ab et.', 1, '2018-02-11 13:01:31', '2018-02-11 13:01:31'),
	(23, 82, 'Crystal Rau', 'Vel libero optio sit. Reiciendis aut maiores optio libero possimus. Natus in at eligendi ea rem sunt animi odio.', 5, '2018-02-11 13:01:31', '2018-02-11 13:01:31'),
	(24, 45, 'Emmanuel Dicki', 'Quo nemo voluptatem quibusdam qui. Exercitationem nihil voluptates temporibus sapiente eos minima. Cum modi assumenda consequatur et. Odit praesentium ea dignissimos.', 4, '2018-02-11 13:01:31', '2018-02-11 13:01:31'),
	(25, 51, 'Dr. Candace Schinner', 'Modi unde perferendis non qui. Quas molestiae ut aut veritatis. Nesciunt at voluptatem dignissimos eaque pariatur consequatur.', 5, '2018-02-11 13:01:31', '2018-02-11 13:01:31'),
	(26, 41, 'Duane Quigley IV', 'Est et occaecati ex voluptatem et eveniet maiores. Optio quasi placeat modi qui non eos provident. Facilis ratione dignissimos aut qui nihil dolor harum.', 3, '2018-02-11 13:01:31', '2018-02-11 13:01:31'),
	(27, 66, 'Harmon Kreiger', 'Tempora omnis eum nam natus. Sint vitae ut aut fugiat eos ea vero. Et voluptas dolores est commodi. Et recusandae rem sed provident alias.', 3, '2018-02-11 13:01:31', '2018-02-11 13:01:31'),
	(28, 39, 'Ressie Lowe', 'Facere vero velit reiciendis repudiandae ratione quia. Mollitia rerum asperiores sit aliquid animi in. Aut sequi a asperiores non. Iste quos error quo quis qui dignissimos.', 4, '2018-02-11 13:01:31', '2018-02-11 13:01:31'),
	(29, 43, 'Dennis Stark MD', 'Quasi nihil dicta similique libero fugiat odio. Hic incidunt ut et asperiores. Aut earum sed eum nobis animi voluptas quos.', 5, '2018-02-11 13:01:31', '2018-02-11 13:01:31'),
	(30, 22, 'Margot Jast', 'Quidem ipsum dicta laudantium accusamus laborum. Quia quae quisquam dolor suscipit sed et soluta voluptatem. Culpa sit ullam corrupti.', 5, '2018-02-11 13:01:31', '2018-02-11 13:01:31'),
	(31, 10, 'Mallory O\'Connell', 'Quisquam id aspernatur suscipit ut. Natus eveniet deserunt qui aperiam qui. Ut autem vel repellendus hic.', 0, '2018-02-11 13:01:31', '2018-02-11 13:01:31'),
	(32, 40, 'Prof. Reggie Bins IV', 'Aut quia hic vero id. Ut labore pariatur corporis et aut illo. Velit veniam occaecati eius iure temporibus.', 5, '2018-02-11 13:01:31', '2018-02-11 13:01:31'),
	(33, 22, 'Tony Jones', 'Modi reiciendis mollitia a. Vel reiciendis explicabo sint aut enim. Excepturi labore fuga in quae. Accusamus fugit voluptas est quia ratione quo aspernatur.', 5, '2018-02-11 13:01:31', '2018-02-11 13:01:31'),
	(34, 27, 'Alexis Cole', 'Fuga temporibus harum qui necessitatibus atque. Eum est eligendi culpa eos tempore perferendis nam. Neque voluptas dolorem commodi et delectus saepe iure.', 3, '2018-02-11 13:01:31', '2018-02-11 13:01:31'),
	(35, 22, 'Prof. Alford Weissnat', 'Reprehenderit quia reprehenderit non rerum. Nihil necessitatibus pariatur officiis molestiae eos est atque autem. Cumque in ratione occaecati modi sequi illo alias. Non aut dolore sunt voluptatum.', 5, '2018-02-11 13:01:31', '2018-02-11 13:01:31'),
	(36, 71, 'Miss Dorothy Mayert II', 'Quos neque aspernatur qui quia sint in ut. Nisi magnam consequuntur et nam placeat quos hic quae. Impedit consequatur iusto nesciunt ratione et inventore velit.', 5, '2018-02-11 13:01:31', '2018-02-11 13:01:31'),
	(37, 65, 'Prof. Shirley Funk', 'Vel soluta et nam aspernatur quia voluptas. Velit quis aperiam odio atque provident velit harum. Est tempora sed accusantium excepturi et.', 3, '2018-02-11 13:01:31', '2018-02-11 13:01:31'),
	(38, 47, 'Prof. Kurt Lakin', 'Aut accusamus iure ipsum. Atque blanditiis mollitia magni. Praesentium omnis tenetur unde vitae velit iure quibusdam. Saepe accusamus dolorum nisi provident error at nisi et.', 5, '2018-02-11 13:01:31', '2018-02-11 13:01:31'),
	(39, 5, 'Tomasa Kuhlman', 'Vitae possimus ducimus laborum quasi aspernatur et. Et quis officia nam ut et maiores cumque. Est exercitationem vel et quidem possimus ad molestias in.', 5, '2018-02-11 13:01:32', '2018-02-11 13:01:32'),
	(40, 85, 'Lilly Ruecker', 'Doloremque sequi sint amet officia aut est tenetur. Ad sequi voluptatum qui enim dolorem. Repellat quis ea aut quia libero.', 4, '2018-02-11 13:01:32', '2018-02-11 13:01:32'),
	(41, 74, 'Prof. Amaya Weimann IV', 'Vitae sapiente neque quibusdam explicabo voluptatem nam doloribus nobis. Tenetur quod odio enim molestiae voluptatem et et. Commodi totam tempore commodi ad quisquam ut consequuntur.', 1, '2018-02-11 13:01:32', '2018-02-11 13:01:32'),
	(42, 83, 'Dr. Boyd Ullrich', 'Dolor qui et dolorem et. Explicabo enim aut suscipit quis velit. Necessitatibus ad deserunt aut praesentium omnis quia. Voluptas eos officia dolorum quibusdam velit ipsa quo. Labore voluptas nulla ab.', 5, '2018-02-11 13:01:32', '2018-02-11 13:01:32'),
	(43, 14, 'Kyle Konopelski I', 'Dolorem debitis maxime laudantium qui. Enim est quaerat et ipsam id sapiente. Eaque ipsam doloribus aspernatur sit.', 4, '2018-02-11 13:01:32', '2018-02-11 13:01:32'),
	(44, 26, 'Stefan Bradtke', 'Et saepe deserunt beatae quasi saepe dolorem veritatis. Earum quisquam nihil et aspernatur et. Expedita accusantium hic nam ut libero reiciendis aliquam vel.', 3, '2018-02-11 13:01:32', '2018-02-11 13:01:32'),
	(45, 71, 'Eleazar Russel', 'Tempore quas aliquid totam nemo est sed. Expedita modi ut debitis et. Sit cum reprehenderit maxime deserunt et consequatur officia. Saepe autem qui nisi facilis. Impedit repellat et quis quas.', 5, '2018-02-11 13:01:32', '2018-02-11 13:01:32'),
	(46, 47, 'Rafael Ankunding DDS', 'Dolore officiis consectetur aut ut neque temporibus et. Nisi ex nam consequatur occaecati expedita eum. Incidunt est sint et fuga in ut temporibus.', 3, '2018-02-11 13:01:32', '2018-02-11 13:01:32'),
	(47, 97, 'Dr. Grant Zulauf PhD', 'Aut sed est voluptatem porro. Magni nesciunt iusto reiciendis sint. Voluptatem et sint expedita nihil voluptatem corporis. Et et tempora quis omnis. Est officiis aut est occaecati.', 4, '2018-02-11 13:01:32', '2018-02-11 13:01:32'),
	(48, 32, 'Cody Hintz', 'Reprehenderit quod delectus aliquid quisquam aut voluptatem saepe. Quis a soluta quae dolorem. Id quisquam vero officiis magnam quo corporis quae.', 5, '2018-02-11 13:01:32', '2018-02-11 13:01:32'),
	(49, 8, 'Moriah Dare', 'Iusto dolorem velit esse. Maxime quis voluptates rerum occaecati ut. Animi eos iure ut non et autem. Delectus vitae voluptates omnis ex sit magnam. Dolorem cum blanditiis vitae aliquid voluptas.', 3, '2018-02-11 13:01:32', '2018-02-11 13:01:32'),
	(50, 25, 'Dr. Annamae Feil PhD', 'Nulla voluptatem ipsa dignissimos. Aliquid ea molestiae eligendi. Eius nemo quas quasi voluptatibus. Ut vitae quaerat non commodi.', 4, '2018-02-11 13:01:32', '2018-02-11 13:01:32'),
	(51, 1, 'Cyrus Wunsch', 'Est quis omnis maiores inventore nisi iure. Nam id ut libero sunt sunt placeat. Nihil doloremque corporis facere fuga qui et animi.', 3, '2018-02-11 13:01:32', '2018-02-11 13:01:32'),
	(52, 51, 'Dr. Rico Tremblay', 'Dolorem iusto error deleniti voluptate. In quis quae repellendus aut vel assumenda aut. Ut sequi odio ducimus in corporis.', 3, '2018-02-11 13:01:32', '2018-02-11 13:01:32'),
	(53, 3, 'Ms. Kasey Cormier', 'Voluptatem eum dolorem explicabo rem quo fugit labore. Omnis facilis voluptatem est. Neque consectetur atque consequuntur maxime omnis quas. Molestiae tenetur laboriosam ipsum sequi ducimus laboriosam.', 5, '2018-02-11 13:01:32', '2018-02-11 13:01:32'),
	(54, 48, 'Genesis Ebert', 'Architecto illum omnis facilis aut earum est molestiae. Ex perferendis maiores autem aut sint. Quia molestiae dolorum quasi error mollitia. Cupiditate sint et rem labore voluptas molestiae explicabo.', 2, '2018-02-11 13:01:32', '2018-02-11 13:01:32'),
	(55, 50, 'Dr. Mattie Emard IV', 'Qui qui praesentium ducimus molestiae quo veniam aut. Sed sit dolor occaecati dolores amet animi veritatis. Minima at vitae exercitationem perspiciatis rem itaque. Sint molestias magni labore delectus commodi temporibus ratione voluptas.', 1, '2018-02-11 13:01:32', '2018-02-11 13:01:32'),
	(56, 21, 'Solon Jast', 'Doloremque fugiat accusamus sunt earum minus quia suscipit nostrum. Corporis iusto culpa tempore illo exercitationem. Voluptates iusto tenetur optio vel.', 0, '2018-02-11 13:01:32', '2018-02-11 13:01:32'),
	(57, 84, 'Art Watsica', 'Accusantium molestiae ut aliquid autem perferendis et suscipit. Neque vel qui quas dolor nisi. Facere nihil est nobis nihil id voluptas qui error. Inventore non temporibus ut earum dolores repellendus rerum qui.', 4, '2018-02-11 13:01:32', '2018-02-11 13:01:32'),
	(58, 38, 'Prof. Wilfred Dach II', 'Et voluptas sunt laudantium vel id. Vero mollitia molestiae autem. Est culpa sunt eveniet reprehenderit vel necessitatibus minima. Laudantium iure est consequatur dolorum.', 2, '2018-02-11 13:01:32', '2018-02-11 13:01:32'),
	(59, 11, 'Prof. Rosalind Zemlak', 'Ut numquam minus quas laborum minima. Ut inventore eligendi ipsam odit quibusdam. Iste et consequuntur pariatur quis necessitatibus. Dolorum id labore similique occaecati quia maxime harum.', 5, '2018-02-11 13:01:32', '2018-02-11 13:01:32'),
	(60, 98, 'Hilma Mante', 'Nostrum animi quaerat autem temporibus aliquam qui. Enim ea exercitationem et. Sed perspiciatis sunt nisi.', 3, '2018-02-11 13:01:32', '2018-02-11 13:01:32'),
	(61, 89, 'Dr. Jamaal Russel II', 'Nam est doloribus omnis nisi et rerum non nemo. Et expedita sapiente suscipit maxime. Quia veniam est molestias explicabo qui doloremque. Ipsa aut possimus placeat eum et. Et nisi quibusdam sed laboriosam temporibus itaque.', 0, '2018-02-11 13:01:32', '2018-02-11 13:01:32'),
	(62, 22, 'Miss Pink McCullough', 'Voluptatem eum earum non laboriosam suscipit assumenda consequatur. Totam eligendi blanditiis id molestiae nisi accusamus. Sit rerum et praesentium illum reprehenderit placeat neque.', 3, '2018-02-11 13:01:32', '2018-02-11 13:01:32'),
	(63, 30, 'Danny O\'Connell', 'Labore laboriosam tempora in iusto. Et similique saepe sint laborum.', 5, '2018-02-11 13:01:32', '2018-02-11 13:01:32'),
	(64, 17, 'Elliott Hilpert', 'Ex qui neque fugit similique ut vitae aut. Et modi facere fugiat et suscipit dolor fuga. Quibusdam aut ut enim sed est mollitia. Temporibus et maxime et ut temporibus quo enim.', 3, '2018-02-11 13:01:32', '2018-02-11 13:01:32'),
	(65, 94, 'Bart Mayert', 'Animi eius nemo non error. Aut rerum reiciendis voluptatem voluptatum ipsum assumenda beatae quod. Aliquid consequatur ab dolorem explicabo adipisci. Laudantium aut laborum velit et sit doloremque est. Velit sit veritatis eius impedit.', 1, '2018-02-11 13:01:32', '2018-02-11 13:01:32'),
	(66, 80, 'Sibyl Schmeler', 'Dignissimos temporibus consectetur animi est. Ipsam quam eveniet rerum numquam corporis. Quia dicta fugiat cum omnis velit voluptatibus hic.', 1, '2018-02-11 13:01:32', '2018-02-11 13:01:32'),
	(67, 55, 'Mrs. Jacky Aufderhar', 'Fugit voluptates blanditiis voluptatem officia expedita ipsum. Et ad laudantium voluptatem dolorum pariatur natus assumenda qui. Maiores aperiam sint labore culpa quas reiciendis exercitationem dolorem.', 4, '2018-02-11 13:01:32', '2018-02-11 13:01:32'),
	(68, 45, 'Juvenal Hamill', 'Exercitationem aut fugiat assumenda corporis. A inventore molestias praesentium voluptatem. Nemo numquam est fugit sunt quia non dolor.', 0, '2018-02-11 13:01:33', '2018-02-11 13:01:33'),
	(69, 65, 'Miss Alvena Schultz', 'Minus autem beatae eaque qui iure repudiandae. Sed id eligendi tenetur accusamus consequatur quia. Dolorem voluptatum dicta atque nihil. Dolor rerum quia corrupti id odio illo ea.', 2, '2018-02-11 13:01:33', '2018-02-11 13:01:33'),
	(70, 24, 'Carmel Luettgen', 'Consequatur voluptas eos aut esse fuga in. Et illo deserunt quia adipisci et. Nisi qui alias accusantium culpa fuga. Harum minus non rerum incidunt.', 0, '2018-02-11 13:01:33', '2018-02-11 13:01:33'),
	(71, 25, 'Prof. Olin Stiedemann', 'Et eum voluptatem doloremque voluptas odio vitae dolorum distinctio. Dignissimos eum est ea aut cupiditate voluptas. Officia laudantium natus nihil adipisci natus provident. Magnam tempore est in sint molestiae id. Ut inventore molestiae et.', 4, '2018-02-11 13:01:33', '2018-02-11 13:01:33'),
	(72, 84, 'Chad Tremblay', 'Facilis commodi amet voluptatem nobis accusantium consequuntur aut. Distinctio mollitia ratione fugit. Nostrum et ea laboriosam.', 4, '2018-02-11 13:01:33', '2018-02-11 13:01:33'),
	(73, 85, 'Prof. Lavonne Berge', 'Quas qui est eum. Ipsam non nihil distinctio qui recusandae explicabo nostrum. Enim eveniet dolorem qui dicta debitis.', 1, '2018-02-11 13:01:33', '2018-02-11 13:01:33'),
	(74, 72, 'Amanda Ankunding', 'Consequatur maxime ut ut quia esse. Odit adipisci numquam non.', 0, '2018-02-11 13:01:33', '2018-02-11 13:01:33'),
	(75, 36, 'Mr. Edmund Roberts', 'Est cumque quia non nihil doloremque et. Soluta animi qui enim. Maiores cum saepe accusantium sapiente reprehenderit. Placeat nihil voluptatibus eaque.', 4, '2018-02-11 13:01:33', '2018-02-11 13:01:33'),
	(76, 94, 'Maegan Ryan', 'Odit est modi veritatis magni aut. Rerum itaque quidem labore odit ut sunt. Repellendus aut temporibus quasi fugiat possimus illum.', 2, '2018-02-11 13:01:33', '2018-02-11 13:01:33'),
	(77, 88, 'Dr. Colleen Wisozk', 'Velit commodi vel omnis corrupti dolores sunt illum. Quas est tempore alias debitis quia. Dolorum mollitia et quaerat consectetur aut.', 5, '2018-02-11 13:01:33', '2018-02-11 13:01:33'),
	(78, 98, 'Mr. Samir Wuckert MD', 'Nam doloremque dolores ea nemo. Dignissimos debitis atque et quo. Voluptatibus repudiandae quod nisi enim recusandae dicta. Dolorum magni magnam quam aut.', 3, '2018-02-11 13:01:33', '2018-02-11 13:01:33'),
	(79, 90, 'Mr. Amir Muller', 'Esse voluptatem mollitia a quaerat recusandae. Unde eum saepe omnis ea magnam voluptates delectus. Assumenda ut tenetur expedita neque et qui.', 3, '2018-02-11 13:01:33', '2018-02-11 13:01:33'),
	(80, 89, 'Hallie Gislason PhD', 'Sit necessitatibus provident iusto optio sunt perferendis. Dignissimos voluptas id voluptatem quas porro dolor quod. Esse nesciunt quos temporibus nisi accusantium delectus explicabo.', 4, '2018-02-11 13:01:33', '2018-02-11 13:01:33'),
	(81, 66, 'Mr. Arvel Batz', 'Assumenda et tenetur ut ratione voluptas eaque voluptatem consequatur. Ipsum asperiores occaecati eos aut corrupti aspernatur et. Ea quae voluptate perferendis quae saepe quisquam.', 1, '2018-02-11 13:01:33', '2018-02-11 13:01:33'),
	(82, 60, 'Delphia Fisher', 'Consequatur quaerat debitis ab nulla deleniti voluptas eligendi. Enim suscipit accusantium autem sunt. Sint ut blanditiis molestias ipsa. Et ut necessitatibus vel eum.', 2, '2018-02-11 13:01:33', '2018-02-11 13:01:33'),
	(83, 31, 'Shyann Kozey', 'Ut numquam itaque nostrum nesciunt necessitatibus. Quas a molestiae reiciendis quas dolor. Cumque quisquam quia sunt consequatur.', 0, '2018-02-11 13:01:33', '2018-02-11 13:01:33'),
	(84, 79, 'Ms. Reta Shanahan', 'Illo libero voluptatibus qui dicta ipsum. Sed facere aspernatur ut adipisci est vero maiores.', 1, '2018-02-11 13:01:33', '2018-02-11 13:01:33'),
	(85, 20, 'Ms. Blanche Kreiger Jr.', 'Est doloremque qui voluptatum minus ea consequatur. Et exercitationem consequuntur atque alias dolore ut. Nulla ipsum ut nesciunt.', 1, '2018-02-11 13:01:33', '2018-02-11 13:01:33'),
	(86, 45, 'Juston Kutch', 'In fugit ullam et ut. Quis atque quia magni ex ab alias deleniti. Et temporibus et vero necessitatibus.', 4, '2018-02-11 13:01:33', '2018-02-11 13:01:33'),
	(87, 67, 'Naomi Deckow DDS', 'Ex dolores qui enim nemo ab. Rerum rerum rem explicabo. Tenetur dicta iste quia exercitationem.', 2, '2018-02-11 13:01:33', '2018-02-11 13:01:33'),
	(88, 71, 'Dr. Cornell Weimann MD', 'Perferendis qui expedita quo repellat impedit. Aliquid in vel ut minus enim. Qui laboriosam explicabo sunt maxime quis. Numquam non facilis error itaque sunt. Officiis recusandae ipsa vel rerum totam.', 1, '2018-02-11 13:01:33', '2018-02-11 13:01:33'),
	(89, 74, 'Barton Bogan', 'Aliquid similique nobis eveniet quos architecto incidunt dignissimos. Dolores ut nulla laudantium aut. Rem eum eos aut voluptas.', 4, '2018-02-11 13:01:33', '2018-02-11 13:01:33'),
	(90, 51, 'Ms. Helene McKenzie', 'Velit recusandae possimus minima quibusdam quisquam quo quia. Quaerat doloremque omnis ipsam consectetur dolores. Et ipsum sequi alias sunt temporibus explicabo sint. Consectetur molestias autem occaecati atque suscipit aut aut.', 3, '2018-02-11 13:01:33', '2018-02-11 13:01:33'),
	(91, 76, 'Melvina Witting MD', 'Sed tempora unde consequatur est ut et voluptas. Molestiae quia optio a nihil.', 1, '2018-02-11 13:01:33', '2018-02-11 13:01:33'),
	(92, 83, 'Cordie Langosh', 'Dicta est quis rerum rem. Dolorem tempore aut voluptate non possimus nisi omnis. Ad assumenda rerum eos consequatur sint doloribus.', 3, '2018-02-11 13:01:33', '2018-02-11 13:01:33'),
	(93, 64, 'Jalon Collier Jr.', 'Quis ullam velit et impedit non doloremque quisquam. Ut repellendus vel autem voluptates aliquid.', 4, '2018-02-11 13:01:33', '2018-02-11 13:01:33'),
	(94, 46, 'Dr. Brice Treutel', 'Sed odit dolores sit iusto. Amet rerum suscipit ut id. Voluptatem expedita similique eaque maiores ut quae architecto inventore.', 2, '2018-02-11 13:01:33', '2018-02-11 13:01:33'),
	(95, 37, 'Maegan Simonis III', 'Et quaerat et ut temporibus corrupti ut. Reiciendis dolorum natus ullam.', 3, '2018-02-11 13:01:33', '2018-02-11 13:01:33'),
	(96, 25, 'Elliott Collier V', 'Earum quia similique eos ducimus maiores. Rem est animi tenetur fuga odit quam est. Omnis veniam reiciendis error qui laborum. Omnis repellendus ad laudantium dolores.', 4, '2018-02-11 13:01:33', '2018-02-11 13:01:33'),
	(97, 56, 'Prof. Floy Graham PhD', 'Impedit velit voluptas aliquam. Totam tempora autem hic nulla ut. Reiciendis laudantium quia necessitatibus aut iusto distinctio hic.', 5, '2018-02-11 13:01:33', '2018-02-11 13:01:33'),
	(98, 71, 'Prof. Agustin Kozey', 'Ratione error enim voluptatem consequuntur incidunt inventore nam. Consequatur deleniti iure minus illum qui quasi. Fugit qui beatae reprehenderit eveniet est delectus.', 2, '2018-02-11 13:01:34', '2018-02-11 13:01:34'),
	(99, 36, 'Mr. Emmanuel Rutherford', 'Alias temporibus impedit eos aut repellendus totam. Mollitia voluptatem natus nesciunt ab voluptatem exercitationem. Quo sunt repellendus culpa pariatur dolores quo totam. Id aut temporibus qui fuga. Voluptatum sed pariatur pariatur voluptatem provident illum vel.', 0, '2018-02-11 13:01:34', '2018-02-11 13:01:34'),
	(100, 93, 'Mrs. Celestine Effertz', 'Sit ad id et non quibusdam illo. Adipisci optio repudiandae dolore fugit. Ex rerum sunt non est molestias quia quis officia. Iste omnis mollitia explicabo et. Occaecati odio et perspiciatis sed cupiditate.', 4, '2018-02-11 13:01:34', '2018-02-11 13:01:34'),
	(101, 27, 'Arnoldo Wyman', 'Dolores quibusdam mollitia blanditiis laborum. Eum ipsam repudiandae aut accusamus et molestias sint. Harum nostrum quasi et quis.', 4, '2018-02-11 13:01:34', '2018-02-11 13:01:34'),
	(102, 63, 'Furman Christiansen', 'Corrupti accusamus velit distinctio qui. Sit et modi quia iusto deleniti sint. Dicta doloribus velit et id libero qui et. Ut accusantium quo cupiditate cum delectus.', 4, '2018-02-11 13:01:34', '2018-02-11 13:01:34'),
	(103, 32, 'Euna Rempel', 'Qui omnis repellendus culpa quia. Labore totam ut non debitis ut. Omnis nulla corporis illo aut cum veritatis hic.', 3, '2018-02-11 13:01:34', '2018-02-11 13:01:34'),
	(104, 92, 'Prof. Urban Mosciski', 'Aut consequatur est ullam. Rerum eveniet ut nemo quis. Molestiae quia reprehenderit fuga nihil quasi.', 3, '2018-02-11 13:01:34', '2018-02-11 13:01:34'),
	(105, 93, 'Elmo Balistreri MD', 'Magnam nam exercitationem omnis illo. Explicabo molestiae beatae quia sit qui. Iste impedit rerum molestiae dolores quod maiores. Alias quibusdam libero voluptatem earum voluptatem.', 0, '2018-02-11 13:01:34', '2018-02-11 13:01:34'),
	(106, 95, 'Mrs. Holly Terry', 'Qui tempora consequatur ut soluta aut cumque suscipit. Est deserunt non ducimus dignissimos. Est qui suscipit ad omnis.', 4, '2018-02-11 13:01:34', '2018-02-11 13:01:34'),
	(107, 55, 'Prof. Chesley Weissnat', 'Unde aut delectus sed fugit. Minus optio ex in libero quia error. Reiciendis voluptates exercitationem quaerat inventore.', 3, '2018-02-11 13:01:34', '2018-02-11 13:01:34'),
	(108, 27, 'Jason Wuckert III', 'Corrupti aliquam possimus velit. Molestiae repellat reprehenderit laudantium maiores autem amet. Laboriosam autem et non laudantium alias saepe autem. Earum quis nesciunt omnis fugit.', 5, '2018-02-11 13:01:34', '2018-02-11 13:01:34'),
	(109, 60, 'Laurie Christiansen', 'Cumque tempore at facere debitis temporibus vel. Ipsam autem officia quaerat est voluptatibus voluptatem. Libero maiores molestiae veniam cupiditate. Nihil nobis minima vel ex nam.', 4, '2018-02-11 13:01:34', '2018-02-11 13:01:34'),
	(110, 83, 'Walker Schmitt', 'Quibusdam vitae quos ut numquam sunt corporis corrupti saepe. Ipsam excepturi alias omnis provident. Nemo accusantium nemo fugiat laborum aut perspiciatis fugiat. Doloribus vero sunt voluptates qui.', 5, '2018-02-11 13:01:34', '2018-02-11 13:01:34'),
	(111, 39, 'Mr. Max Towne IV', 'Ipsam optio ipsam voluptate vel quis ea. Sunt error ratione molestiae et at voluptas maxime. Deleniti consequatur omnis tempore et. Molestias culpa quis laboriosam et.', 3, '2018-02-11 13:01:34', '2018-02-11 13:01:34'),
	(112, 47, 'Holden Green', 'Et sapiente amet incidunt ducimus ex amet laudantium. Atque dolor officiis eius voluptatem dolore voluptas. Et sed et qui non nam adipisci voluptate.', 1, '2018-02-11 13:01:34', '2018-02-11 13:01:34'),
	(113, 45, 'Anastasia Stark', 'Sed ut perspiciatis aut ipsum ut eius aut. Natus labore aliquid quia vero. Et sint cumque at voluptate.', 3, '2018-02-11 13:01:34', '2018-02-11 13:01:34'),
	(114, 2, 'Nella Veum', 'Sapiente illo pariatur enim recusandae. Dolores temporibus facilis vel eaque assumenda enim voluptatum. Et totam quae nobis quidem.', 4, '2018-02-11 13:01:34', '2018-02-11 13:01:34'),
	(115, 64, 'Nora Dicki', 'Quia velit eius voluptatem sint quod eaque tempore ut. Ex sed tempora consequuntur beatae facere et. Eos repellendus perferendis animi vitae. Asperiores nisi voluptas perferendis iusto.', 1, '2018-02-11 13:01:34', '2018-02-11 13:01:34'),
	(116, 1, 'Seth Purdy V', 'Et nam laudantium repudiandae quia omnis odit. Minus voluptas minima recusandae voluptatem id cumque. Delectus culpa ea deleniti doloremque deleniti consequuntur quibusdam nostrum. Quia vel sapiente dolor numquam assumenda accusamus voluptatem.', 4, '2018-02-11 13:01:34', '2018-02-11 13:01:34'),
	(117, 24, 'Rey O\'Connell', 'Saepe voluptatem deleniti magni pariatur. Incidunt tenetur qui voluptates. Doloribus id at aut reiciendis.', 2, '2018-02-11 13:01:34', '2018-02-11 13:01:34'),
	(118, 63, 'Serenity Gaylord Jr.', 'Est perferendis recusandae est expedita blanditiis. Illo sed asperiores error culpa ea. Dignissimos voluptatem quidem animi illo. Illo vel modi aut molestiae sequi ut reprehenderit molestiae.', 5, '2018-02-11 13:01:34', '2018-02-11 13:01:34'),
	(119, 33, 'Mr. Osvaldo Sporer III', 'Amet omnis sapiente autem iure et quibusdam sapiente. Facere qui quo et quia aut vel. Aut repudiandae omnis reprehenderit debitis repudiandae praesentium consequuntur. Quo quasi velit aliquid necessitatibus deserunt.', 1, '2018-02-11 13:01:34', '2018-02-11 13:01:34'),
	(120, 6, 'Beau Yundt', 'Ex non ut perspiciatis quia id totam tempora dolor. Quas harum quia deleniti quidem eos necessitatibus quod. Voluptatum voluptatem atque debitis voluptatibus soluta corporis beatae. Eos ad qui enim iste repudiandae.', 1, '2018-02-11 13:01:34', '2018-02-11 13:01:34'),
	(121, 61, 'Francisca Miller', 'Debitis pariatur explicabo cumque. Vel laudantium voluptas voluptatum corporis illum. Aut aut vitae placeat hic explicabo eos impedit.', 0, '2018-02-11 13:01:34', '2018-02-11 13:01:34'),
	(122, 30, 'Eudora Sawayn', 'Voluptatem rerum harum fugiat voluptatibus nam. Sit iusto laborum maiores non et dolorem perspiciatis. Harum praesentium voluptatibus numquam.', 5, '2018-02-11 13:01:34', '2018-02-11 13:01:34'),
	(123, 4, 'Mrs. Roslyn Schoen', 'Commodi possimus et in. At enim ducimus velit omnis sed. Voluptatum voluptates ratione eaque ullam quaerat facilis animi veniam. Aut nihil voluptates ut eaque aut et omnis laborum.', 5, '2018-02-11 13:01:34', '2018-02-11 13:01:34'),
	(124, 23, 'Jordyn Schaefer I', 'Excepturi quis totam illum consequuntur. Non qui et voluptatem ea nulla optio aut nam. Enim ratione excepturi voluptates qui reprehenderit consequatur. Et quisquam ut est pariatur.', 5, '2018-02-11 13:01:34', '2018-02-11 13:01:34'),
	(125, 54, 'Lori Hauck', 'Autem eum et sed sequi officia. Ut non accusantium cumque magnam. Voluptate reprehenderit id itaque qui. Id excepturi perspiciatis laudantium assumenda ut quasi qui. Sit aliquid repudiandae vitae quod quia.', 3, '2018-02-11 13:01:34', '2018-02-11 13:01:34'),
	(126, 16, 'Mina Halvorson', 'Aspernatur repellendus odit accusamus quod est nobis illo. Non possimus laborum illo eos magnam. Molestias consequatur voluptatem sit sit necessitatibus error. Sit dignissimos quod explicabo id asperiores. Totam tempore repellendus saepe tempore nihil atque.', 0, '2018-02-11 13:01:35', '2018-02-11 13:01:35'),
	(127, 20, 'Mr. Diamond Collier', 'Quidem consequatur excepturi omnis dolores totam consequatur beatae et. Asperiores consequatur et perferendis. Culpa similique nostrum quidem.', 0, '2018-02-11 13:01:35', '2018-02-11 13:01:35'),
	(128, 44, 'Prof. Yasmeen Terry', 'Natus hic qui repellat sequi ipsam facere. Ad ea perferendis illo aut et a. Molestias est soluta consequuntur pariatur deleniti. Minus exercitationem et illo dolor.', 2, '2018-02-11 13:01:35', '2018-02-11 13:01:35'),
	(129, 38, 'Valerie Jast Sr.', 'Sit ea sed facere enim. Assumenda maxime quod aspernatur eaque et et. Ut qui quisquam ut et.', 1, '2018-02-11 13:01:35', '2018-02-11 13:01:35'),
	(130, 58, 'Miss Yvette Upton', 'Quaerat odio et rerum consequatur assumenda necessitatibus. Doloremque sit eveniet veniam et. Tenetur voluptatem et est et.', 4, '2018-02-11 13:01:35', '2018-02-11 13:01:35'),
	(131, 55, 'Dr. Kathleen Runolfsdottir', 'Nulla molestias dolorem et dolor cumque nesciunt eum. Necessitatibus quod provident dolorum. Vero accusamus est recusandae.', 0, '2018-02-11 13:01:35', '2018-02-11 13:01:35'),
	(132, 27, 'Chris Beier Jr.', 'Veniam asperiores eaque optio corporis quo. Sunt et nemo ut tenetur quidem. Perferendis ipsum recusandae in. Qui architecto inventore consequuntur velit qui fugit unde.', 4, '2018-02-11 13:01:35', '2018-02-11 13:01:35'),
	(133, 41, 'Jarrett D\'Amore', 'Illum nulla earum eos. Labore qui molestiae sit sit dicta facere. Accusamus eos cumque quasi.', 3, '2018-02-11 13:01:35', '2018-02-11 13:01:35'),
	(134, 61, 'Dr. Alberto Wolff', 'Laboriosam vitae architecto iusto debitis officia molestiae. Et voluptatem sit et cupiditate culpa sit. Cupiditate et reiciendis nobis.', 3, '2018-02-11 13:01:35', '2018-02-11 13:01:35'),
	(135, 68, 'Mittie Hagenes', 'Aliquid adipisci quod sunt ut aliquam fugiat consequuntur. Nisi qui nulla molestias est. Impedit optio voluptatem quae error expedita autem a. Quod id omnis atque architecto esse quo accusantium voluptas.', 5, '2018-02-11 13:01:35', '2018-02-11 13:01:35'),
	(136, 94, 'Dr. Shaun Herzog', 'Beatae voluptates consequatur voluptatem tempora. Est perspiciatis repellendus ullam rem beatae soluta ad. Id consectetur nihil a nesciunt cupiditate ea.', 2, '2018-02-11 13:01:35', '2018-02-11 13:01:35'),
	(137, 70, 'Mrs. Laney Abbott Jr.', 'Aut enim et temporibus necessitatibus. Non hic omnis veritatis dolorum quia et dolorum aperiam. Quae eos commodi illo temporibus non. Quia necessitatibus itaque et aut facere repellendus beatae non.', 4, '2018-02-11 13:01:35', '2018-02-11 13:01:35'),
	(138, 7, 'Brennan Schmidt', 'Molestiae impedit rerum incidunt ut asperiores. Neque quia qui modi facere. Assumenda nulla eos consequatur.', 4, '2018-02-11 13:01:35', '2018-02-11 13:01:35'),
	(139, 86, 'Maymie Cummerata', 'Voluptatum non optio harum voluptate minus quibusdam error. Ad ipsa reprehenderit aperiam est totam saepe ut deserunt. Est maxime molestias quos corporis id ab eos. Saepe ullam id nulla autem voluptatibus.', 5, '2018-02-11 13:01:35', '2018-02-11 13:01:35'),
	(140, 74, 'Grayson Reilly', 'Quae ea saepe qui non dolorem. Et voluptatem consequuntur assumenda perferendis eum vel. Nemo qui et voluptate non voluptatum laudantium. Error iste et voluptatem et nisi.', 4, '2018-02-11 13:01:35', '2018-02-11 13:01:35'),
	(141, 40, 'Kraig Schroeder Sr.', 'Enim dolorem quia fugiat. Ad et sed nostrum quia non. Quia illum et voluptatum dolores ut. Hic iste reprehenderit aperiam cum minus.', 0, '2018-02-11 13:01:35', '2018-02-11 13:01:35'),
	(142, 8, 'Prof. Josie Larson', 'Repudiandae nemo aspernatur hic ducimus dolor et. Eius dolore dolores maxime omnis beatae. Qui officia voluptatem cumque minima quia quidem.', 1, '2018-02-11 13:01:35', '2018-02-11 13:01:35'),
	(143, 47, 'Dr. Edgardo Medhurst', 'Consequatur laboriosam est quaerat impedit et in in. Voluptas error perferendis nostrum quaerat. Pariatur suscipit autem voluptas animi iste saepe accusamus.', 5, '2018-02-11 13:01:35', '2018-02-11 13:01:35'),
	(144, 79, 'Dave Konopelski', 'Reiciendis rerum ratione harum a dolorem laboriosam a. Omnis qui laborum voluptates eligendi dolorum aut. Quibusdam nobis non dolorem et illum.', 5, '2018-02-11 13:01:35', '2018-02-11 13:01:35'),
	(145, 72, 'Jaida Halvorson', 'Voluptas suscipit aspernatur dolores nemo. Voluptatem officia autem voluptatem odio quia. Sint magnam nemo nisi praesentium ullam impedit. Necessitatibus ut nulla placeat magni unde iusto. Aut voluptas optio esse qui quia consequatur.', 4, '2018-02-11 13:01:35', '2018-02-11 13:01:35'),
	(146, 76, 'Maymie Rath', 'Quia soluta fuga libero omnis et. Est quaerat velit amet autem vel molestiae. Molestiae et neque vitae. Et officia enim magnam nihil voluptatem quo.', 2, '2018-02-11 13:01:35', '2018-02-11 13:01:35'),
	(147, 45, 'Emerson Gorczany IV', 'Sed et sed et assumenda sed ipsum sunt. Qui maxime pariatur quisquam facere. Vel eveniet sed sed laborum.', 2, '2018-02-11 13:01:35', '2018-02-11 13:01:35'),
	(148, 59, 'Arne Quigley', 'Molestiae sunt id eos corrupti provident reprehenderit. Non qui dolorem dolorum et doloribus maxime. Occaecati perferendis occaecati iste nesciunt. Magni rerum voluptates perferendis sint cumque.', 5, '2018-02-11 13:01:35', '2018-02-11 13:01:35'),
	(149, 34, 'Misty Trantow III', 'Maiores modi adipisci voluptatem. Non qui enim voluptates sed minus non. Sint eius corporis suscipit unde laborum id. Commodi est consequatur odio officia nihil ratione.', 2, '2018-02-11 13:01:35', '2018-02-11 13:01:35'),
	(150, 80, 'Oma Koch', 'Minima inventore debitis vero sunt error id. Et nesciunt facilis quia aut exercitationem eos. Recusandae asperiores id est est quia voluptatem voluptas.', 0, '2018-02-11 13:01:35', '2018-02-11 13:01:35'),
	(151, 67, 'Dr. Adam Rosenbaum', 'Quis quas ut ipsa est. Rem quas pariatur dicta dolorem eum molestias. Blanditiis molestias officia quaerat ut.', 5, '2018-02-11 13:01:36', '2018-02-11 13:01:36'),
	(152, 97, 'Amara Swaniawski', 'Et laboriosam et ducimus praesentium quaerat est. Aut voluptatem quia laborum ipsam reiciendis vitae voluptates. Sint ut placeat quod aperiam ipsum. Odio aut porro porro cum. Blanditiis ipsum rerum ut omnis voluptatem.', 0, '2018-02-11 13:01:36', '2018-02-11 13:01:36'),
	(153, 43, 'Ms. Eloise Feil', 'Natus sed facere animi porro dolorum ullam. Autem magnam pariatur veniam tempora sequi.', 0, '2018-02-11 13:01:36', '2018-02-11 13:01:36'),
	(154, 25, 'Ms. Theresa Wiegand', 'Eius molestiae id nam eum et ut odio. Minima atque iusto et soluta.', 1, '2018-02-11 13:01:36', '2018-02-11 13:01:36'),
	(155, 63, 'Pearl Parisian IV', 'Odio ut facilis natus in. Sit inventore aut voluptate omnis fugiat eaque. Quas inventore alias magni voluptatem autem explicabo quisquam fugiat. Perspiciatis sed est mollitia vitae ut.', 1, '2018-02-11 13:01:36', '2018-02-11 13:01:36'),
	(156, 88, 'Dr. Kallie Reynolds PhD', 'Natus eaque magni ea dolore ut est. Qui illum aut sunt similique doloremque quod sint vel. Quibusdam magni itaque reiciendis ut. Impedit vel qui id sequi.', 2, '2018-02-11 13:01:36', '2018-02-11 13:01:36'),
	(157, 14, 'Eloisa Will', 'Distinctio omnis enim et nemo molestiae. Quod nisi veritatis a et. Repellat eligendi vitae ut optio.', 3, '2018-02-11 13:01:36', '2018-02-11 13:01:36'),
	(158, 47, 'Andrew Hansen', 'Dicta pariatur cupiditate dignissimos. Rem exercitationem fuga omnis odit et. Omnis soluta vel nisi sint nisi voluptas voluptatum. Quas ea enim porro ipsa voluptatum non corrupti.', 1, '2018-02-11 13:01:36', '2018-02-11 13:01:36'),
	(159, 9, 'Mohammed Veum V', 'Iusto commodi omnis natus voluptas rerum in iste. Impedit aspernatur ea voluptatem eligendi est dicta. Amet exercitationem consequuntur corrupti quae neque.', 4, '2018-02-11 13:01:36', '2018-02-11 13:01:36'),
	(160, 88, 'Fiona Bosco', 'Ipsum tempore itaque quas pariatur molestias distinctio. Accusantium autem architecto soluta. Sint et voluptates eligendi voluptas consectetur.', 5, '2018-02-11 13:01:36', '2018-02-11 13:01:36'),
	(161, 71, 'Dr. Tobin Batz DDS', 'Vitae voluptatem velit accusamus voluptas. Facilis quis qui expedita. Vel numquam magnam aliquid est voluptate.', 5, '2018-02-11 13:01:36', '2018-02-11 13:01:36'),
	(162, 74, 'Cynthia Walter', 'Nam eligendi enim aut fugit ea veniam. Molestiae provident enim aliquid non odit perferendis consequatur. Aut cum assumenda sed vel excepturi vel.', 4, '2018-02-11 13:01:36', '2018-02-11 13:01:36'),
	(163, 37, 'Dr. Isac Bogan', 'Qui voluptatum ut suscipit repellendus porro commodi enim. Maiores beatae necessitatibus laborum iusto enim odit. Voluptatibus sint eveniet velit nostrum at pariatur. Qui error quis est dicta aut consectetur voluptatem.', 0, '2018-02-11 13:01:36', '2018-02-11 13:01:36'),
	(164, 88, 'Santa Schuster', 'Eius rerum iusto aut non aperiam quia. Eius aut nesciunt est quia cumque. Eligendi consequatur hic qui et veniam laboriosam.', 4, '2018-02-11 13:01:36', '2018-02-11 13:01:36'),
	(165, 19, 'Mr. Giles Dibbert PhD', 'Facere eos aspernatur veritatis expedita tenetur magnam et. Maiores quo dignissimos voluptatem reprehenderit mollitia sed qui.', 3, '2018-02-11 13:01:36', '2018-02-11 13:01:36'),
	(166, 45, 'Loy Considine', 'Beatae dignissimos et ipsum officiis culpa. Eum omnis soluta reprehenderit consequatur. Tempora in et ipsum adipisci est harum quo. Optio quam iure quia corporis sed.', 5, '2018-02-11 13:01:36', '2018-02-11 13:01:36'),
	(167, 4, 'Luella Auer', 'Ut at repellendus dolorem cupiditate repudiandae earum omnis et. Vero et ipsam eum ullam saepe. Omnis odio enim incidunt aspernatur aut.', 3, '2018-02-11 13:01:36', '2018-02-11 13:01:36'),
	(168, 6, 'Prof. Justine Deckow', 'Sequi nemo aut unde qui. Qui velit ea ipsam quo modi. Non necessitatibus impedit enim perspiciatis et itaque recusandae. Iste error omnis sed quia. Vitae molestias ex et ex modi eum impedit.', 5, '2018-02-11 13:01:36', '2018-02-11 13:01:36'),
	(169, 47, 'Clarabelle Walsh', 'Temporibus eligendi modi iste harum aut animi et. Ut impedit debitis quos iure ullam. Quia labore labore architecto eum magni accusamus ut.', 5, '2018-02-11 13:01:36', '2018-02-11 13:01:36'),
	(170, 1, 'Adrianna Mraz', 'Non officiis aut laudantium commodi voluptatibus voluptatibus. Enim aut autem non et et veniam omnis. Ut beatae labore earum velit.', 2, '2018-02-11 13:01:36', '2018-02-11 13:01:36'),
	(171, 9, 'Raleigh Wyman Sr.', 'Numquam voluptatem blanditiis voluptatem. Et nam excepturi laudantium. A aliquam est et fugiat inventore.', 3, '2018-02-11 13:01:36', '2018-02-11 13:01:36'),
	(172, 45, 'Edgardo Bradtke', 'Qui mollitia consequatur ex quo. Aliquam voluptatem voluptas blanditiis omnis quia eveniet. Natus soluta tenetur qui distinctio quibusdam necessitatibus. Quod qui quia et voluptatem et in voluptatum.', 3, '2018-02-11 13:01:37', '2018-02-11 13:01:37'),
	(173, 48, 'Kaitlyn Leuschke DDS', 'Quia aut temporibus nemo dolor aut voluptates. Eum incidunt vel quas voluptatem consequatur et. Facilis nam tenetur ut voluptas qui cupiditate.', 4, '2018-02-11 13:01:37', '2018-02-11 13:01:37'),
	(174, 97, 'Polly Schumm', 'Sed ad nesciunt delectus eum. Et harum molestias quibusdam odit. Debitis omnis voluptas harum quis quidem sint voluptatum tempora. Facilis expedita voluptas ducimus expedita nesciunt nemo impedit.', 0, '2018-02-11 13:01:37', '2018-02-11 13:01:37'),
	(175, 70, 'Alysha Schaefer', 'Debitis ex voluptates aut consequuntur impedit nihil nisi. Porro quaerat magnam cupiditate aut modi culpa numquam. Quidem harum delectus dolor nihil nulla assumenda aperiam.', 4, '2018-02-11 13:01:37', '2018-02-11 13:01:37'),
	(176, 58, 'Ruth Runolfsdottir', 'Quia aut molestiae ea aut. Non fugiat aut totam id. Voluptas sunt reiciendis et accusamus sit.', 2, '2018-02-11 13:01:37', '2018-02-11 13:01:37'),
	(177, 50, 'Carley Walker', 'Soluta sit at omnis repudiandae doloribus dolor. Assumenda aliquid aut consequatur velit. Sed error enim et consequatur.', 3, '2018-02-11 13:01:37', '2018-02-11 13:01:37'),
	(178, 72, 'Alphonso Hirthe', 'Quia aperiam ea sit natus culpa ullam necessitatibus enim. Temporibus autem fugit dignissimos officia alias. Non nihil iusto ea repellendus et temporibus aut.', 1, '2018-02-11 13:01:37', '2018-02-11 13:01:37'),
	(179, 86, 'Sadye Raynor', 'Architecto et necessitatibus at dolores dolore tempora est. Qui esse consequatur numquam impedit sit a soluta ut. Et cupiditate consequatur recusandae ratione veritatis sunt nihil. Ratione placeat et aut autem aspernatur.', 2, '2018-02-11 13:01:37', '2018-02-11 13:01:37'),
	(180, 42, 'Alvina Towne', 'Quo quas vero dignissimos. Perspiciatis earum et voluptatem rerum magni. Tempora magnam id sed adipisci et accusamus.', 4, '2018-02-11 13:01:37', '2018-02-11 13:01:37'),
	(181, 51, 'Don Stark', 'Quis animi ut inventore dignissimos porro. Ut aperiam consequatur nisi sapiente architecto. Voluptatem ea aperiam omnis iure assumenda.', 2, '2018-02-11 13:01:37', '2018-02-11 13:01:37'),
	(182, 23, 'Sierra Cassin', 'Ipsum doloremque occaecati dolore quaerat et. Repellendus dolorem ut non quod. Dolorem quia consectetur aspernatur modi molestias illum temporibus corrupti.', 2, '2018-02-11 13:01:37', '2018-02-11 13:01:37'),
	(183, 67, 'Mario Kovacek', 'Ex et deserunt non dignissimos blanditiis. Omnis ea aut dolores officiis dicta. Iure quia laudantium doloremque tempora. Tempora corrupti et corrupti placeat.', 2, '2018-02-11 13:01:37', '2018-02-11 13:01:37'),
	(184, 94, 'Flossie Oberbrunner', 'Qui atque autem dolor expedita est enim. Delectus possimus laborum nam quos et at tenetur. Deleniti accusantium distinctio pariatur eaque impedit ducimus neque illum.', 4, '2018-02-11 13:01:37', '2018-02-11 13:01:37'),
	(185, 51, 'Hollis Von III', 'Assumenda nisi accusantium error distinctio deleniti. In quia ut est perferendis rerum. Distinctio ea et dolores ullam. Rem veniam ut amet esse quibusdam autem et.', 4, '2018-02-11 13:01:37', '2018-02-11 13:01:37'),
	(186, 46, 'Ezequiel Pacocha Sr.', 'Saepe ut cupiditate accusamus porro quo ut. Temporibus debitis accusamus minima odit incidunt cumque.', 1, '2018-02-11 13:01:37', '2018-02-11 13:01:37'),
	(187, 29, 'Roman McDermott', 'Voluptatem dolorem reiciendis provident at vel dolorum. Dolores dolorem iste aut ex nisi ut id. Sint sequi quam id velit debitis est eligendi.', 2, '2018-02-11 13:01:37', '2018-02-11 13:01:37'),
	(188, 16, 'Frank Shanahan', 'Praesentium sit eos vel provident. Odit necessitatibus ea reprehenderit porro sed ut minima.', 3, '2018-02-11 13:01:37', '2018-02-11 13:01:37'),
	(189, 4, 'Susan Armstrong', 'Totam eos iure minima consequatur doloremque error. Corrupti fuga eum consectetur qui facilis. Sint iusto sed voluptatibus dignissimos occaecati.', 0, '2018-02-11 13:01:37', '2018-02-11 13:01:37'),
	(190, 39, 'Chester Schmitt', 'Sed animi nihil vel iusto dolor tempora. At sed non vel quia fugiat veniam. Occaecati consequatur voluptatem enim ipsum ut consequatur. Sed odit rerum facere error excepturi illo. Earum aliquam omnis commodi deleniti qui quo similique neque.', 3, '2018-02-11 13:01:37', '2018-02-11 13:01:37'),
	(191, 62, 'Mrs. Mireya Rowe DVM', 'Incidunt debitis aliquam doloremque magni. In velit nostrum veniam sed. Earum corporis veniam ex qui provident inventore. In sed fuga eos voluptatem.', 4, '2018-02-11 13:01:37', '2018-02-11 13:01:37'),
	(192, 10, 'Reuben Murray V', 'At culpa aut perspiciatis et. Aliquid deleniti reprehenderit repudiandae ab occaecati quis nostrum autem. Voluptatum ex explicabo qui. Aut accusantium dolorem quo quia.', 2, '2018-02-11 13:01:37', '2018-02-11 13:01:37'),
	(193, 23, 'Annabelle Stark', 'Praesentium similique quod laudantium eius in reprehenderit doloribus amet. Cumque aut quaerat iste molestias nihil enim. Id est nulla ut consequatur quasi. Aliquid est corrupti nostrum voluptatem amet voluptas cum.', 1, '2018-02-11 13:01:37', '2018-02-11 13:01:37'),
	(194, 6, 'Miss Abagail Mante', 'Dicta pariatur assumenda tenetur non. Aspernatur blanditiis ipsum corrupti dolor doloribus aut quae delectus. Aut nihil non eveniet voluptatem ullam quaerat. Doloremque recusandae sed necessitatibus illum est non. Esse dolores ipsam eligendi.', 5, '2018-02-11 13:01:37', '2018-02-11 13:01:37'),
	(195, 78, 'Bailee Mante', 'Magni eos qui aut alias nemo ut. Quae et possimus voluptate ullam explicabo totam debitis. Aspernatur nisi corporis laboriosam quidem. Non error ut veritatis est velit autem nemo reprehenderit.', 0, '2018-02-11 13:01:37', '2018-02-11 13:01:37'),
	(196, 10, 'Aletha Botsford', 'Sit dolores est in consequuntur atque veniam ut. Optio amet eum nulla. Sequi aut impedit inventore quaerat enim maxime. Odit in dignissimos sapiente nostrum.', 1, '2018-02-11 13:01:37', '2018-02-11 13:01:37'),
	(197, 55, 'Austin Ullrich', 'Eum eligendi quidem quia placeat dolores. Ullam vel reprehenderit id rerum facilis. Dicta vel harum magnam itaque eos fugiat. Quis molestiae ut similique.', 1, '2018-02-11 13:01:37', '2018-02-11 13:01:37'),
	(198, 59, 'Grayce Sipes', 'A velit iste ut. Quia at dolore commodi. Omnis libero est sequi odio nulla expedita qui. Assumenda vel est fuga rem occaecati. Necessitatibus rem assumenda natus aut maxime.', 3, '2018-02-11 13:01:37', '2018-02-11 13:01:37'),
	(199, 12, 'Yasmeen Kuhn', 'Itaque repellat ullam eius reiciendis. Ut eos sed et doloribus quia in voluptas perferendis. Est accusamus odio voluptas vel aut atque autem. Quia consequatur est maiores.', 5, '2018-02-11 13:01:37', '2018-02-11 13:01:37'),
	(200, 10, 'Diamond Witting Jr.', 'Perferendis aut praesentium autem ut doloribus sit quia. Provident porro deleniti non illo reprehenderit rerum autem. Totam labore blanditiis eveniet rerum dolores veniam quis.', 3, '2018-02-11 13:01:37', '2018-02-11 13:01:37'),
	(201, 37, 'Rodolfo Schulist DVM', 'Voluptatem nemo tenetur distinctio similique at corporis. Magnam dignissimos consequuntur tempora qui. Quia suscipit quisquam modi qui est facere et. Omnis est aut dolorem eveniet amet non illum eligendi.', 1, '2018-02-11 13:01:38', '2018-02-11 13:01:38'),
	(202, 46, 'Ross Hoeger', 'Qui veritatis dolorem itaque tempora voluptatibus vel. Quae perspiciatis saepe repudiandae nulla aut omnis. Dignissimos quia consequatur maiores et quia.', 2, '2018-02-11 13:01:38', '2018-02-11 13:01:38'),
	(203, 54, 'Haven Senger', 'Quam aut sed ut quod. Dolores expedita soluta deleniti quia numquam. Accusantium nihil voluptatum magnam officiis qui. Quia in cum minus quasi omnis animi. Et omnis expedita aut omnis quasi quia.', 3, '2018-02-11 13:01:38', '2018-02-11 13:01:38'),
	(204, 84, 'Percy Keebler', 'Mollitia quasi tenetur consequatur velit illum at modi. Iusto cupiditate nam voluptas voluptatem. Porro tempore officiis ut at est laudantium rerum.', 3, '2018-02-11 13:01:38', '2018-02-11 13:01:38'),
	(205, 93, 'Katheryn White I', 'Autem repudiandae necessitatibus et velit debitis sed. Natus sed unde qui tenetur molestiae aperiam odit. Veritatis temporibus laudantium sit ratione porro consectetur dolorem. Consequatur laudantium ut sapiente amet commodi aliquid dolor.', 4, '2018-02-11 13:01:38', '2018-02-11 13:01:38'),
	(206, 32, 'Flo Jerde', 'Consequatur doloribus excepturi aut porro. Provident laudantium porro similique consequuntur ut quis perspiciatis ratione. Qui quis facere labore illum est.', 5, '2018-02-11 13:01:38', '2018-02-11 13:01:38'),
	(207, 28, 'Constance Spencer', 'Iure rerum id alias corrupti architecto. Corporis harum distinctio eveniet tempora saepe sint itaque. Voluptatem dolorem atque voluptatem enim.', 1, '2018-02-11 13:01:38', '2018-02-11 13:01:38'),
	(208, 51, 'Anjali Willms', 'Ut ipsum sunt qui et voluptas. Laboriosam numquam et enim. Esse libero sunt dolorem modi consectetur. Officiis aliquid sunt ipsum excepturi ut accusamus et.', 1, '2018-02-11 13:01:38', '2018-02-11 13:01:38'),
	(209, 32, 'Mr. Toney Ryan IV', 'Facere nihil corporis quod asperiores dolorem omnis minima est. Ut non sunt est est. Quia omnis suscipit fugit laborum nulla.', 2, '2018-02-11 13:01:38', '2018-02-11 13:01:38'),
	(210, 18, 'Brook Terry', 'A pariatur ipsa omnis eius maxime. Occaecati rerum eos impedit ex omnis aliquid quos sed. Quia saepe fugit consequatur minima laborum consequatur assumenda. Voluptatem aut ducimus iste modi officiis.', 2, '2018-02-11 13:01:38', '2018-02-11 13:01:38'),
	(211, 22, 'Wiley Stiedemann', 'Explicabo voluptates quae culpa est error at reprehenderit. Temporibus nihil iste debitis sint quia. Quia aut dolorem sed quaerat ut eos distinctio. Tempore nostrum libero quia.', 1, '2018-02-11 13:01:38', '2018-02-11 13:01:38'),
	(212, 30, 'Narciso Effertz', 'Nostrum magni veniam omnis expedita aut omnis. Reprehenderit alias est corporis sunt. Id sit quia blanditiis et inventore fugit. Natus provident quisquam eligendi perspiciatis.', 4, '2018-02-11 13:01:38', '2018-02-11 13:01:38'),
	(213, 55, 'Jamal Pagac', 'Fugiat sit sunt molestiae in ipsum temporibus ut. Consequatur reprehenderit quo quia eveniet possimus quia eum sequi. Accusantium doloremque sit rerum voluptate quis consequatur. Pariatur omnis laboriosam et sapiente dolores consequatur.', 3, '2018-02-11 13:01:38', '2018-02-11 13:01:38'),
	(214, 10, 'Dr. Chris Kris', 'Inventore distinctio inventore ad cupiditate in. Sit similique est id ratione aut quidem. Eaque quae qui et modi sit modi.', 2, '2018-02-11 13:01:38', '2018-02-11 13:01:38'),
	(215, 28, 'Dr. Mylene Pouros', 'Unde corrupti molestias est odio vero quibusdam molestiae. Eligendi hic quo magni ea rerum sunt sed. In debitis dolores omnis porro.', 4, '2018-02-11 13:01:38', '2018-02-11 13:01:38'),
	(216, 47, 'Ms. Kavon Hane', 'Animi natus sit occaecati iusto saepe. Nostrum mollitia nemo est.', 5, '2018-02-11 13:01:38', '2018-02-11 13:01:38'),
	(217, 76, 'Prof. Felipe Rath V', 'Ea hic ad reprehenderit qui occaecati. Amet magni hic quaerat aliquam commodi non. Aut non omnis repellendus.', 5, '2018-02-11 13:01:38', '2018-02-11 13:01:38'),
	(218, 99, 'Dr. Daren Tillman', 'Blanditiis nemo numquam ipsa officiis dolorem. Officia illo est recusandae ab provident qui sed dolor.', 3, '2018-02-11 13:01:38', '2018-02-11 13:01:38'),
	(219, 15, 'Roman Sipes', 'Consequatur vel perferendis provident eum. Nam velit enim odio consectetur. Qui tempore occaecati vitae provident non provident. Consequuntur nisi aut commodi vel eos dolor.', 4, '2018-02-11 13:01:38', '2018-02-11 13:01:38'),
	(220, 7, 'Derick Becker', 'Autem fugiat voluptates iusto odit ut quaerat voluptatem. Nihil asperiores officia magni corrupti suscipit cupiditate at. Ut sit deserunt cumque porro est itaque. Modi accusantium expedita a earum pariatur laudantium et dolorem.', 4, '2018-02-11 13:01:38', '2018-02-11 13:01:38'),
	(221, 4, 'Lorine Feeney DVM', 'Molestias dolorem molestias aliquid doloremque dolores adipisci modi. Velit et corporis id dolorem voluptatibus ipsum. Voluptatum officia labore harum.', 3, '2018-02-11 13:01:38', '2018-02-11 13:01:38'),
	(222, 27, 'Amira Wisozk', 'Veritatis sunt neque non velit excepturi. Hic quaerat est aliquid minima voluptatem. Molestiae ipsum rerum ullam at similique. Culpa molestiae sapiente omnis quidem.', 4, '2018-02-11 13:01:38', '2018-02-11 13:01:38'),
	(223, 20, 'Janessa Tremblay', 'Eum quae nostrum ut animi sed non. Aut est praesentium et reprehenderit suscipit molestiae dolorem quis. Fuga illo possimus architecto laboriosam sapiente.', 2, '2018-02-11 13:01:38', '2018-02-11 13:01:38'),
	(224, 63, 'Brandyn Bernier', 'Nulla blanditiis aliquam molestiae et minima earum neque. Modi aut dolores natus natus ex. Perspiciatis aut aut amet voluptate ex ducimus.', 4, '2018-02-11 13:01:38', '2018-02-11 13:01:38'),
	(225, 70, 'Miss Jayne Effertz PhD', 'Perferendis repudiandae ut cum et velit. Doloremque id veritatis accusamus aut est cupiditate aut. Soluta nemo ab eum occaecati. Aliquid excepturi quod sed sunt ut.', 3, '2018-02-11 13:01:38', '2018-02-11 13:01:38'),
	(226, 14, 'Obie Gutmann', 'Fugit et fugiat eaque animi eos. Sequi ut minima hic a. Laudantium saepe ipsum quo sit ratione. Voluptatem ipsa hic reprehenderit vitae numquam incidunt fugit doloribus.', 0, '2018-02-11 13:01:38', '2018-02-11 13:01:38'),
	(227, 9, 'Mr. Evert Schmeler', 'Eos veritatis aut sunt repellendus quas cumque sint. Iusto inventore deserunt cumque et vero. Laboriosam vel qui iure voluptas enim aut dolorum. Ut delectus doloribus id iste quisquam.', 4, '2018-02-11 13:01:38', '2018-02-11 13:01:38'),
	(228, 50, 'Domenic Boyle', 'Alias dolor magnam alias voluptas voluptas temporibus eum. Hic sit est ratione dolorem. Nemo enim sit voluptas omnis fuga maiores. Nobis omnis excepturi dolores voluptatem reprehenderit itaque.', 3, '2018-02-11 13:01:38', '2018-02-11 13:01:38'),
	(229, 98, 'Dr. Jackson Ratke II', 'Magnam distinctio dolor necessitatibus dolorem. Harum eius quia asperiores quam ut quibusdam. Molestiae et numquam eius repellendus ut animi sapiente. Voluptatem et modi nisi.', 2, '2018-02-11 13:01:38', '2018-02-11 13:01:38'),
	(230, 51, 'Dr. Juana Purdy I', 'Ipsam eveniet aut impedit quibusdam at aut error. Non dolorem ut animi voluptas atque dignissimos reiciendis. Numquam aspernatur velit vel quibusdam repudiandae.', 0, '2018-02-11 13:01:38', '2018-02-11 13:01:38'),
	(231, 61, 'Toby Goldner DDS', 'Reprehenderit dolorem blanditiis rerum magnam soluta nulla molestias. Natus vero optio dolorem qui nam nam aut. Aliquam qui aut incidunt pariatur corrupti mollitia vel. Enim et dolor eveniet hic et qui itaque odio.', 5, '2018-02-11 13:01:39', '2018-02-11 13:01:39'),
	(232, 47, 'Deon Crona', 'Corrupti illo quia quas nam deserunt ut. Alias beatae est molestiae. Ullam aut unde nobis omnis odio dicta consequatur consectetur.', 3, '2018-02-11 13:01:39', '2018-02-11 13:01:39'),
	(233, 25, 'Cicero Morar', 'Architecto doloremque aliquam labore placeat sunt sit. Voluptatem iure consequuntur impedit consequatur similique rem nihil. Explicabo eos quia excepturi assumenda. Dolorem ea fugiat alias aperiam. Rerum vel magnam a et.', 3, '2018-02-11 13:01:39', '2018-02-11 13:01:39'),
	(234, 37, 'Tony Stokes I', 'Et natus nostrum ducimus sit eius minima. Reiciendis sint ea velit et aut omnis blanditiis. Occaecati in et dolore dolor ea. A sunt sequi doloremque ab totam aut.', 5, '2018-02-11 13:01:39', '2018-02-11 13:01:39'),
	(235, 100, 'Dr. Jaycee Heidenreich', 'Vero dolor sed nobis commodi. Fuga sequi voluptatibus nihil omnis quia. Est et occaecati ut qui qui. Voluptatem consequatur maiores corrupti nostrum ratione omnis. Ipsam harum iusto nam.', 1, '2018-02-11 13:01:39', '2018-02-11 13:01:39'),
	(236, 43, 'Prof. Birdie Witting DDS', 'Quod nulla dolorem est perferendis atque magnam tempora. Praesentium incidunt repudiandae ut minima tempore. Dignissimos dolorum libero nostrum tempora ullam vero.', 1, '2018-02-11 13:01:39', '2018-02-11 13:01:39'),
	(237, 82, 'Danika Eichmann', 'Hic quia excepturi itaque officia ratione saepe. Perferendis ullam sapiente nemo praesentium eum quos aliquid. Provident minus voluptas natus hic iste et. Omnis non aut ipsa fuga. Esse consequatur consequatur quasi quas aspernatur alias.', 4, '2018-02-11 13:01:39', '2018-02-11 13:01:39'),
	(238, 84, 'Cali Walsh', 'Libero dolores itaque non atque. Sit aut voluptatibus commodi veniam placeat. Et est cum aliquam laboriosam.', 0, '2018-02-11 13:01:39', '2018-02-11 13:01:39'),
	(239, 39, 'Trudie Bartoletti', 'Aliquam consequuntur labore omnis. Non ut et totam. Nulla fuga ipsum et ex dolores.', 2, '2018-02-11 13:01:39', '2018-02-11 13:01:39'),
	(240, 96, 'Katherine Rau', 'Eius dolorem qui aut harum ratione voluptatem. Qui consequatur aut omnis aut culpa minus voluptatem. Error adipisci in sed cum sit enim.', 3, '2018-02-11 13:01:39', '2018-02-11 13:01:39'),
	(241, 73, 'Jayda Watsica', 'Repellendus consequuntur sint nihil nihil enim consectetur sapiente. Consequatur ullam et amet ex consequuntur. Est tenetur quam quas sit itaque aut.', 3, '2018-02-11 13:01:39', '2018-02-11 13:01:39'),
	(242, 12, 'Rollin Altenwerth', 'Illum quae sequi totam velit sed animi corrupti. In aut voluptas recusandae quo ut. Itaque officiis laudantium vel. Qui quas qui similique debitis voluptatem alias recusandae.', 3, '2018-02-11 13:01:39', '2018-02-11 13:01:39'),
	(243, 8, 'Prof. Gabe Konopelski IV', 'Error a doloremque amet totam. In sit repudiandae a voluptate. Placeat maxime exercitationem asperiores aliquam explicabo nihil. Ut odit aut est quae recusandae.', 0, '2018-02-11 13:01:39', '2018-02-11 13:01:39'),
	(244, 56, 'Kacey Rolfson IV', 'Sit rerum impedit animi sunt qui. Ut consequatur qui facere itaque.', 3, '2018-02-11 13:01:39', '2018-02-11 13:01:39'),
	(245, 12, 'Lambert Abshire', 'Et qui quaerat voluptas quos quia quibusdam. Consequuntur praesentium sequi quidem nam et. Voluptas reprehenderit optio aut totam atque. Ut nesciunt libero eius consectetur corporis.', 4, '2018-02-11 13:01:39', '2018-02-11 13:01:39'),
	(246, 78, 'Dr. Haven Hilpert III', 'Doloribus quae rerum eum cupiditate porro est. Recusandae magnam temporibus modi amet iste.', 1, '2018-02-11 13:01:39', '2018-02-11 13:01:39'),
	(247, 29, 'Demetrius Stroman', 'Dignissimos architecto dolor beatae dolores architecto sit et. Provident odit maxime molestias optio ea consequatur adipisci aut. Natus omnis molestias ut iste laudantium odio. Vel recusandae aut dolorem repudiandae voluptatem.', 3, '2018-02-11 13:01:39', '2018-02-11 13:01:39'),
	(248, 49, 'Mireya Thompson', 'Iure et ullam quam alias qui qui. Eligendi repudiandae amet velit rerum dignissimos aut omnis. Consequatur autem labore quam. Repudiandae eum explicabo perspiciatis velit.', 4, '2018-02-11 13:01:39', '2018-02-11 13:01:39'),
	(249, 36, 'Dr. Emile Quigley', 'Nam enim et nostrum cumque voluptas nemo provident. Distinctio provident aliquam dicta. Velit nemo voluptatem deserunt totam. Voluptas unde ratione voluptatem.', 1, '2018-02-11 13:01:39', '2018-02-11 13:01:39'),
	(250, 24, 'Fae Bogan', 'Consequatur autem repellendus ad esse excepturi adipisci qui. Sed ut incidunt pariatur officia dolore minus. Voluptates et id dolor eum distinctio aut ullam. Nihil vel aliquid et nam eum culpa ab velit.', 0, '2018-02-11 13:01:39', '2018-02-11 13:01:39'),
	(251, 22, 'Miss Brooklyn Kerluke V', 'Iste vero assumenda labore in. Omnis dolores molestiae qui id doloremque et. Assumenda eveniet assumenda id dignissimos et sit consequatur nihil.', 1, '2018-02-11 13:01:39', '2018-02-11 13:01:39'),
	(252, 53, 'Claude Fay', 'Recusandae deserunt odit rerum soluta aut. Totam sed cum laudantium doloribus voluptatem qui.', 4, '2018-02-11 13:01:39', '2018-02-11 13:01:39'),
	(253, 13, 'Emely Cronin', 'Officia in eligendi dolorem sit. Est aut cum quos consequatur quod sed quas asperiores. Nisi architecto eos optio cumque error sit. Sed et tempore praesentium quis repellat soluta.', 3, '2018-02-11 13:01:39', '2018-02-11 13:01:39'),
	(254, 29, 'Dr. Kenny Streich Jr.', 'Aliquam quasi incidunt quo sed. Doloremque occaecati dicta dolore animi enim aut. Ratione labore consequuntur omnis commodi pariatur est. Similique et dolores voluptatem non est.', 3, '2018-02-11 13:01:39', '2018-02-11 13:01:39'),
	(255, 96, 'Wilhelmine Swift', 'Voluptas qui sit reprehenderit voluptas. Eius id in ullam ut nihil nemo vel. Dolor et consequuntur quidem omnis animi doloremque sed.', 1, '2018-02-11 13:01:39', '2018-02-11 13:01:39'),
	(256, 72, 'Terrell Blanda', 'Minima quaerat aut id quia aut. Ut hic ut autem rem aliquid. Facere blanditiis voluptatem iusto consequuntur quos et. Hic et deserunt minima nulla nostrum veniam temporibus.', 0, '2018-02-11 13:01:39', '2018-02-11 13:01:39'),
	(257, 34, 'Cortez Morar V', 'At soluta modi suscipit sapiente similique quisquam provident magnam. Delectus quo possimus totam aut. Repudiandae eveniet minus labore et inventore tempora nihil veritatis. Porro ex molestiae est repellendus amet repellendus. Et est quasi error nihil ratione minima neque dolores.', 0, '2018-02-11 13:01:39', '2018-02-11 13:01:39'),
	(258, 29, 'Prof. Brian Keeling IV', 'Et suscipit illum impedit veniam error. Numquam dolores quisquam ut reiciendis non. Porro error adipisci quo in voluptatibus labore rem. Non omnis impedit repudiandae itaque sunt et qui.', 4, '2018-02-11 13:01:39', '2018-02-11 13:01:39'),
	(259, 45, 'Hanna Lakin', 'Non atque et perspiciatis unde. Est explicabo autem sed magni iusto occaecati.', 5, '2018-02-11 13:01:40', '2018-02-11 13:01:40'),
	(260, 39, 'Marlin Ondricka', 'Ea odio ad blanditiis quis odio rem illo occaecati. Illo vel provident perspiciatis debitis numquam et numquam. Quod sed quia omnis. Ut eaque officiis dolorem dolor delectus.', 3, '2018-02-11 13:01:40', '2018-02-11 13:01:40'),
	(261, 67, 'Dr. Bertram Cruickshank', 'Delectus dolor voluptatum labore perspiciatis velit doloremque tenetur. Commodi eius sed veniam quia amet quis. Amet cupiditate nostrum quo qui consequatur a consequatur. Incidunt et ut ut. Quidem sapiente voluptatem sed illo.', 4, '2018-02-11 13:01:40', '2018-02-11 13:01:40'),
	(262, 54, 'Lauretta Windler III', 'Et at quasi possimus commodi nam. Earum quo facilis alias beatae et aut rem rerum. Sint sed impedit ut inventore nesciunt ipsa rerum voluptates. Qui et cumque est corporis et fugiat aut et.', 0, '2018-02-11 13:01:40', '2018-02-11 13:01:40'),
	(263, 69, 'Ova Hermiston Sr.', 'Vel quibusdam ipsum distinctio labore autem suscipit. Aliquam neque vel recusandae quia. Asperiores fugiat laudantium voluptatem dolore. Adipisci sunt aut ullam delectus.', 2, '2018-02-11 13:01:40', '2018-02-11 13:01:40'),
	(264, 26, 'Margarita Will', 'Et repellendus non dolores iusto tempora. Sit consequatur doloribus sapiente doloribus. Inventore hic vel maiores reprehenderit.', 3, '2018-02-11 13:01:40', '2018-02-11 13:01:40'),
	(265, 39, 'Granville Marvin', 'Possimus sint cumque maxime architecto. Praesentium sunt harum reprehenderit quibusdam eaque. Provident necessitatibus praesentium deserunt molestias deserunt.', 4, '2018-02-11 13:01:40', '2018-02-11 13:01:40'),
	(266, 56, 'Clovis Emmerich', 'Est tempora cumque consequuntur libero. Et veritatis tempora eum natus nostrum inventore. Blanditiis autem porro in ipsum illum rerum. Omnis laboriosam molestiae voluptatum illo debitis quia.', 3, '2018-02-11 13:01:40', '2018-02-11 13:01:40'),
	(267, 88, 'Brooke Predovic Sr.', 'Non tempore vel assumenda enim voluptatem error perspiciatis. Eveniet sit ipsam in sit aut sequi. Qui commodi quia officiis cupiditate. Qui doloribus necessitatibus suscipit voluptate.', 5, '2018-02-11 13:01:40', '2018-02-11 13:01:40'),
	(268, 83, 'Kiley Schmeler', 'Similique deserunt facilis et maiores voluptas saepe dolore dolor. Sapiente expedita ratione mollitia perspiciatis ut reprehenderit. Distinctio saepe id quaerat delectus saepe sed. Cumque asperiores ut magnam culpa perspiciatis ipsa omnis.', 5, '2018-02-11 13:01:40', '2018-02-11 13:01:40'),
	(269, 63, 'Gretchen Stoltenberg Sr.', 'Pariatur numquam voluptas ut maiores impedit dolore. Cum nihil dolorem quisquam veniam. Consequatur animi ipsam illo architecto suscipit. Hic sit exercitationem et.', 0, '2018-02-11 13:01:40', '2018-02-11 13:01:40'),
	(270, 31, 'Dahlia Gleason', 'In omnis quisquam molestias molestiae maiores et sint praesentium. Nobis laboriosam quibusdam quos optio blanditiis. Et error eos et. Facilis placeat laudantium rerum illo. In magni asperiores nam vel.', 3, '2018-02-11 13:01:40', '2018-02-11 13:01:40'),
	(271, 95, 'Webster Labadie', 'Sit perferendis aperiam sit est. Iure illum et sit quos cum deserunt ab. Sint laborum harum odit quasi eum laborum. Et libero sunt minus quia dolor deserunt nihil.', 3, '2018-02-11 13:01:40', '2018-02-11 13:01:40'),
	(272, 74, 'Janice Strosin', 'Aut magni error eos nesciunt sequi. Quia consequatur unde est vero aliquid possimus. Fugit facere possimus ullam.', 5, '2018-02-11 13:01:40', '2018-02-11 13:01:40'),
	(273, 92, 'Murray Satterfield', 'Culpa amet voluptatem repellat tempore. Eum illo iure id qui eveniet. Est et iste iste eaque et ipsum.', 2, '2018-02-11 13:01:40', '2018-02-11 13:01:40'),
	(274, 22, 'Lynn Lakin', 'Et voluptas aut laudantium. Excepturi dicta molestias eius fugiat at et enim. Nisi quod nihil assumenda adipisci occaecati et.', 4, '2018-02-11 13:01:40', '2018-02-11 13:01:40'),
	(275, 61, 'Mr. Sage Rice', 'Amet sint voluptas suscipit consequuntur at quia autem. Ratione laboriosam aliquam nihil expedita nemo. Quia est aliquid ex. Ratione velit voluptatem esse sit consequatur itaque natus.', 5, '2018-02-11 13:01:40', '2018-02-11 13:01:40'),
	(276, 23, 'Christop Thiel Jr.', 'Temporibus occaecati pariatur autem numquam explicabo cupiditate. At consequatur saepe sint laborum et facilis. Doloremque voluptates soluta quae illum enim quidem commodi.', 3, '2018-02-11 13:01:40', '2018-02-11 13:01:40'),
	(277, 14, 'Ms. Lou Beahan III', 'Ut ut eius est quidem eius non molestiae aut. Ab amet sit molestias. Et quis blanditiis facilis nihil.', 0, '2018-02-11 13:01:40', '2018-02-11 13:01:40'),
	(278, 77, 'Sigrid Murphy', 'Soluta dolorem deleniti ut magnam et incidunt. Sunt distinctio corporis quia consequatur non repellat voluptates. Earum vel voluptatibus quo aut ab quos numquam. Laborum quo dolor reiciendis et.', 5, '2018-02-11 13:01:40', '2018-02-11 13:01:40'),
	(279, 79, 'Trey Quigley', 'Est magni voluptatem non. Voluptates modi vero cum quia. Quia amet aspernatur laborum labore sed fugit. Voluptas culpa velit optio quia ullam assumenda nulla excepturi.', 2, '2018-02-11 13:01:40', '2018-02-11 13:01:40'),
	(280, 33, 'Miss Wilma Friesen', 'Qui magni accusamus est nihil excepturi ipsum. Fugiat et eos autem ratione odio provident qui. Quis et id veritatis earum sint. Tenetur in occaecati similique delectus officiis.', 4, '2018-02-11 13:01:40', '2018-02-11 13:01:40'),
	(281, 1, 'Dr. Ulices Volkman Jr.', 'Quisquam recusandae totam eum illo est. Quia voluptatem rerum sequi odit dolorum placeat voluptatem. Vel dolorem magnam sit.', 3, '2018-02-11 13:01:40', '2018-02-11 13:01:40'),
	(282, 81, 'Ms. Mellie Nader DVM', 'Qui laboriosam illo omnis quidem praesentium vel officiis. Et qui corporis ratione voluptatem id. Excepturi et officiis labore.', 0, '2018-02-11 13:01:40', '2018-02-11 13:01:40'),
	(283, 15, 'Kip Gislason Sr.', 'A illo vel nihil corporis distinctio. Qui iusto sequi eius voluptatem veritatis. Quos quis delectus alias dolores repellat officiis.', 0, '2018-02-11 13:01:40', '2018-02-11 13:01:40'),
	(284, 11, 'Mina Little', 'Reprehenderit eos vel explicabo. Error voluptas temporibus maxime inventore. Et sit sunt quos qui doloribus eligendi non. Non molestias omnis quibusdam voluptas exercitationem.', 4, '2018-02-11 13:01:40', '2018-02-11 13:01:40'),
	(285, 53, 'Korey Smitham', 'Qui doloribus atque corporis iure maxime reiciendis voluptas atque. Aut corporis rem quae recusandae et voluptas. Expedita nemo doloribus itaque vero. Numquam mollitia eligendi occaecati hic molestias.', 0, '2018-02-11 13:01:40', '2018-02-11 13:01:40'),
	(286, 86, 'Alfred Ziemann PhD', 'Nam numquam ea aspernatur et nostrum quisquam. In eum eum dolores vero aspernatur deleniti. Pariatur incidunt beatae neque dolor aliquam ullam quia.', 1, '2018-02-11 13:01:40', '2018-02-11 13:01:40'),
	(287, 19, 'Schuyler Cruickshank', 'Assumenda quo soluta quasi modi debitis commodi pariatur. Expedita fugit iusto debitis. Hic ut provident impedit. Et blanditiis est officiis nostrum earum corrupti et enim.', 1, '2018-02-11 13:01:41', '2018-02-11 13:01:41'),
	(288, 4, 'Mr. Green Murray II', 'Quia deserunt quos in quia dolorem. Quam qui dolore quibusdam maiores qui sed facilis unde. Culpa sequi pariatur harum in architecto ut ad. Voluptatibus enim dolorum omnis.', 4, '2018-02-11 13:01:41', '2018-02-11 13:01:41'),
	(289, 29, 'Brisa Schaefer', 'Consequuntur animi est quam vel eos sapiente doloremque aut. Est quae qui saepe velit nisi nemo sit. Quas sed veniam nisi sunt. Cum atque sit voluptas accusamus rem.', 1, '2018-02-11 13:01:41', '2018-02-11 13:01:41'),
	(290, 81, 'Wayne Friesen', 'Libero consequatur debitis qui consequatur ut. Possimus in omnis expedita modi ut veritatis. Eligendi suscipit sint quo perspiciatis quasi ducimus. Minus dicta amet ipsam delectus nulla et. Quidem necessitatibus sed rerum autem sint est reiciendis aliquid.', 3, '2018-02-11 13:01:41', '2018-02-11 13:01:41'),
	(291, 21, 'Jonathon Cormier V', 'Veritatis eveniet dolor nostrum ipsam. Excepturi enim veritatis mollitia enim id atque. Corrupti veniam autem quis reprehenderit. Harum dicta atque hic voluptate omnis ducimus quia.', 0, '2018-02-11 13:01:41', '2018-02-11 13:01:41'),
	(292, 91, 'Willow Pollich', 'Ut ea aut beatae fugiat aut est animi tenetur. Aut consequuntur alias maiores ipsa. Odio eos voluptatem sed sunt.', 1, '2018-02-11 13:01:41', '2018-02-11 13:01:41'),
	(293, 90, 'Miss Gladys Dietrich II', 'Officiis nisi nesciunt facere. Corporis est inventore aut dolor qui officiis. Dolores rem tempore et tempore voluptas omnis.', 0, '2018-02-11 13:01:41', '2018-02-11 13:01:41'),
	(294, 31, 'Brennan McDermott', 'Illum sit ducimus ea dolorem eveniet cum nisi perspiciatis. Quisquam velit voluptas voluptatem numquam. Voluptate voluptas iure dolorum omnis accusantium at doloremque impedit. Sed sit distinctio est asperiores facere quas qui. Porro neque impedit facere fuga recusandae fugit cumque hic.', 2, '2018-02-11 13:01:41', '2018-02-11 13:01:41'),
	(295, 53, 'Mr. Terry Hegmann', 'Dolor cumque reprehenderit odio. Delectus in est eveniet suscipit. Illo voluptatibus rem qui aut ut. Soluta vero non repellendus dicta non itaque error. Quidem ut et iste necessitatibus rem laudantium asperiores quia.', 4, '2018-02-11 13:01:41', '2018-02-11 13:01:41'),
	(296, 75, 'Kameron Konopelski', 'Nihil sit eaque dolores velit voluptatibus. Quas et et modi possimus ipsum maxime.', 1, '2018-02-11 13:01:41', '2018-02-11 13:01:41'),
	(297, 3, 'Robyn Herman', 'Minus earum recusandae tempora consequatur voluptatem quo magnam. Sed incidunt unde sequi fugit voluptatem. Excepturi repellat deleniti aliquam quos consequatur.', 2, '2018-02-11 13:01:41', '2018-02-11 13:01:41'),
	(298, 16, 'Domenica Steuber', 'Labore aut assumenda delectus. Ut sint qui natus est illum voluptates quos qui. Dolorem aut temporibus et.', 0, '2018-02-11 13:01:41', '2018-02-11 13:01:41'),
	(299, 88, 'Dr. Renee Gleason', 'Qui minus a sint perferendis quia totam molestias. Nobis dicta aut optio porro sed. Sed a est aut officiis labore itaque quaerat. Labore suscipit expedita molestias ad ea dolorem.', 4, '2018-02-11 13:01:41', '2018-02-11 13:01:41'),
	(300, 100, 'Lisandro Terry', 'Illo et culpa quo similique vel dolorem est unde. Dicta itaque facere in vel odit necessitatibus et. Molestiae id veritatis vel architecto.', 2, '2018-02-11 13:01:41', '2018-02-11 13:01:41');
/*!40000 ALTER TABLE `reviews` ENABLE KEYS */;

-- Dumping structure for table eapi.users
CREATE TABLE IF NOT EXISTS `users` (
  `id` int(10) unsigned NOT NULL AUTO_INCREMENT,
  `name` varchar(255) COLLATE utf8mb4_unicode_ci NOT NULL,
  `email` varchar(255) COLLATE utf8mb4_unicode_ci NOT NULL,
  `password` varchar(255) COLLATE utf8mb4_unicode_ci NOT NULL,
  `remember_token` varchar(100) COLLATE utf8mb4_unicode_ci DEFAULT NULL,
  `created_at` timestamp NULL DEFAULT NULL,
  `updated_at` timestamp NULL DEFAULT NULL,
  PRIMARY KEY (`id`),
  UNIQUE KEY `users_email_unique` (`email`)
) ENGINE=InnoDB DEFAULT CHARSET=utf8mb4 COLLATE=utf8mb4_unicode_ci;

-- Dumping data for table eapi.users: ~0 rows (approximately)
/*!40000 ALTER TABLE `users` DISABLE KEYS */;
/*!40000 ALTER TABLE `users` ENABLE KEYS */;

/*!40101 SET SQL_MODE=IFNULL(@OLD_SQL_MODE, '') */;
/*!40014 SET FOREIGN_KEY_CHECKS=IF(@OLD_FOREIGN_KEY_CHECKS IS NULL, 1, @OLD_FOREIGN_KEY_CHECKS) */;
/*!40101 SET CHARACTER_SET_CLIENT=@OLD_CHARACTER_SET_CLIENT */;
